subject,task,id_sess,file,condition,component,tmin,tmax,roi,mean_amp_uV
sub18,task1,18cl03,clean_epochs_response1_ICA_sub18_clr1_sess3-epo.fif,correct,N1,0.13,0.2,"O1,Oz,O2",-0.4583744453873096
sub18,task1,18cl03,clean_epochs_response1_ICA_sub18_clr1_sess3-epo.fif,error,N1,0.13,0.2,"O1,Oz,O2",-0.3414183750370592
sub18,task1,18cl03,clean_epochs_response1_ICA_sub18_clr1_sess3-epo.fif,left,N1,0.13,0.2,"O1,Oz,O2",-0.22883013752202988
sub18,task1,18cl03,clean_epochs_response1_ICA_sub18_clr1_sess3-epo.fif,right,N1,0.13,0.2,"O1,Oz,O2",-0.6041502890628135
sub18,task1,18cl03,clean_epochs_response1_ICA_sub18_clr1_sess3-epo.fif,correct_left,N1,0.13,0.2,"O1,Oz,O2",-0.20923119479511595
sub18,task1,18cl03,clean_epochs_response1_ICA_sub18_clr1_sess3-epo.fif,correct_right,N1,0.13,0.2,"O1,Oz,O2",-0.6417062712947729
sub18,task1,18cl03,clean_epochs_response1_ICA_sub18_clr1_sess3-epo.fif,error_left,N1,0.13,0.2,"O1,Oz,O2",-0.5564124659575905
sub18,task1,18cl03,clean_epochs_response1_ICA_sub18_clr1_sess3-epo.fif,error_right,N1,0.13,0.2,"O1,Oz,O2",-0.25289139642272285
sub18,task1,18cl04,clean_epochs_response1_ICA_sub18_clr1_sess4-epo.fif,correct,N1,0.13,0.2,"O1,Oz,O2",-1.2273341974682725
sub18,task1,18cl04,clean_epochs_response1_ICA_sub18_clr1_sess4-epo.fif,error,N1,0.13,0.2,"O1,Oz,O2",-1.14056654449292
sub18,task1,18cl04,clean_epochs_response1_ICA_sub18_clr1_sess4-epo.fif,left,N1,0.13,0.2,"O1,Oz,O2",-1.2210186435897985
sub18,task1,18cl04,clean_epochs_response1_ICA_sub18_clr1_sess4-epo.fif,right,N1,0.13,0.2,"O1,Oz,O2",-1.1916281230921761
sub18,task1,18cl04,clean_epochs_response1_ICA_sub18_clr1_sess4-epo.fif,correct_left,N1,0.13,0.2,"O1,Oz,O2",-1.177845558041597
sub18,task1,18cl04,clean_epochs_response1_ICA_sub18_clr1_sess4-epo.fif,correct_right,N1,0.13,0.2,"O1,Oz,O2",-1.2768228368949486
sub18,task1,18cl04,clean_epochs_response1_ICA_sub18_clr1_sess4-epo.fif,error_left,N1,0.13,0.2,"O1,Oz,O2",-1.3688537547093977
sub18,task1,18cl04,clean_epochs_response1_ICA_sub18_clr1_sess4-epo.fif,error_right,N1,0.13,0.2,"O1,Oz,O2",-0.9568231801723401
sub19,task1,19ll03,clean_epochs_response1_ICA_sub19_llx1_sess3-epo.fif,correct,N1,0.13,0.2,"O1,Oz,O2",-0.1567400432355698
sub19,task1,19ll03,clean_epochs_response1_ICA_sub19_llx1_sess3-epo.fif,error,N1,0.13,0.2,"O1,Oz,O2",-0.8048101472125921
sub19,task1,19ll03,clean_epochs_response1_ICA_sub19_llx1_sess3-epo.fif,left,N1,0.13,0.2,"O1,Oz,O2",-0.4739313111374557
sub19,task1,19ll03,clean_epochs_response1_ICA_sub19_llx1_sess3-epo.fif,right,N1,0.13,0.2,"O1,Oz,O2",-0.20876719307715905
sub19,task1,19ll03,clean_epochs_response1_ICA_sub19_llx1_sess3-epo.fif,correct_left,N1,0.13,0.2,"O1,Oz,O2",-0.43863603819318775
sub19,task1,19ll03,clean_epochs_response1_ICA_sub19_llx1_sess3-epo.fif,correct_right,N1,0.13,0.2,"O1,Oz,O2",0.021402564689036147
sub19,task1,19ll03,clean_epochs_response1_ICA_sub19_llx1_sess3-epo.fif,error_left,N1,0.13,0.2,"O1,Oz,O2",-0.8308057375739415
sub19,task1,19ll03,clean_epochs_response1_ICA_sub19_llx1_sess3-epo.fif,error_right,N1,0.13,0.2,"O1,Oz,O2",-0.8006322844759466
sub19,task1,19ll04,clean_epochs_response1_ICA_sub19_llx1_sess4-epo.fif,correct,N1,0.13,0.2,"O1,Oz,O2",0.24291878753077875
sub19,task1,19ll04,clean_epochs_response1_ICA_sub19_llx1_sess4-epo.fif,error,N1,0.13,0.2,"O1,Oz,O2",-0.3010766123096862
sub19,task1,19ll04,clean_epochs_response1_ICA_sub19_llx1_sess4-epo.fif,left,N1,0.13,0.2,"O1,Oz,O2",-0.22272098093294165
sub19,task1,19ll04,clean_epochs_response1_ICA_sub19_llx1_sess4-epo.fif,right,N1,0.13,0.2,"O1,Oz,O2",0.5133557807504513
sub19,task1,19ll04,clean_epochs_response1_ICA_sub19_llx1_sess4-epo.fif,correct_left,N1,0.13,0.2,"O1,Oz,O2",-0.12432527992387467
sub19,task1,19ll04,clean_epochs_response1_ICA_sub19_llx1_sess4-epo.fif,correct_right,N1,0.13,0.2,"O1,Oz,O2",0.6016879918903246
sub19,task1,19ll04,clean_epochs_response1_ICA_sub19_llx1_sess4-epo.fif,error_left,N1,0.13,0.2,"O1,Oz,O2",-1.0558045828097085
sub19,task1,19ll04,clean_epochs_response1_ICA_sub19_llx1_sess4-epo.fif,error_right,N1,0.13,0.2,"O1,Oz,O2",0.10324194331532568
sub20,task1,20py03,clean_epochs_response1_ICA_sub20_pyb1_sess3-epo.fif,correct,N1,0.13,0.2,"O1,Oz,O2",-0.7964949729758304
sub20,task1,20py03,clean_epochs_response1_ICA_sub20_pyb1_sess3-epo.fif,error,N1,0.13,0.2,"O1,Oz,O2",-0.14825180962614962
sub20,task1,20py03,clean_epochs_response1_ICA_sub20_pyb1_sess3-epo.fif,left,N1,0.13,0.2,"O1,Oz,O2",-0.639173247013491
sub20,task1,20py03,clean_epochs_response1_ICA_sub20_pyb1_sess3-epo.fif,right,N1,0.13,0.2,"O1,Oz,O2",-0.7790863473734551
sub20,task1,20py03,clean_epochs_response1_ICA_sub20_pyb1_sess3-epo.fif,correct_left,N1,0.13,0.2,"O1,Oz,O2",-0.7538040624265687
sub20,task1,20py03,clean_epochs_response1_ICA_sub20_pyb1_sess3-epo.fif,correct_right,N1,0.13,0.2,"O1,Oz,O2",-0.8418964175282192
sub20,task1,20py03,clean_epochs_response1_ICA_sub20_pyb1_sess3-epo.fif,error_left,N1,0.13,0.2,"O1,Oz,O2",0.4580074147973953
sub20,task1,20py03,clean_epochs_response1_ICA_sub20_pyb1_sess3-epo.fif,error_right,N1,0.13,0.2,"O1,Oz,O2",-0.4746990843157507
sub20,task1,20py04,clean_epochs_response1_ICA_sub20_pyb1_sess4-epo.fif,correct,N1,0.13,0.2,"O1,Oz,O2",-0.43703999814274397
sub20,task1,20py04,clean_epochs_response1_ICA_sub20_pyb1_sess4-epo.fif,error,N1,0.13,0.2,"O1,Oz,O2",0.08650133887891907
sub20,task1,20py04,clean_epochs_response1_ICA_sub20_pyb1_sess4-epo.fif,left,N1,0.13,0.2,"O1,Oz,O2",-0.35925655768318976
sub20,task1,20py04,clean_epochs_response1_ICA_sub20_pyb1_sess4-epo.fif,right,N1,0.13,0.2,"O1,Oz,O2",-0.3003456712417155
sub20,task1,20py04,clean_epochs_response1_ICA_sub20_pyb1_sess4-epo.fif,correct_left,N1,0.13,0.2,"O1,Oz,O2",-0.4658199887355429
sub20,task1,20py04,clean_epochs_response1_ICA_sub20_pyb1_sess4-epo.fif,correct_right,N1,0.13,0.2,"O1,Oz,O2",-0.40600766046007347
sub20,task1,20py04,clean_epochs_response1_ICA_sub20_pyb1_sess4-epo.fif,error_left,N1,0.13,0.2,"O1,Oz,O2",0.08120562399986972
sub20,task1,20py04,clean_epochs_response1_ICA_sub20_pyb1_sess4-epo.fif,error_right,N1,0.13,0.2,"O1,Oz,O2",0.09162622424574096
sub21,task1,21zf03,clean_epochs_response1_ICA_sub21_zfy1_sess3-epo.fif,correct,N1,0.13,0.2,"O1,Oz,O2",-0.5268142217440899
sub21,task1,21zf03,clean_epochs_response1_ICA_sub21_zfy1_sess3-epo.fif,error,N1,0.13,0.2,"O1,Oz,O2",-0.546796219875031
sub21,task1,21zf03,clean_epochs_response1_ICA_sub21_zfy1_sess3-epo.fif,left,N1,0.13,0.2,"O1,Oz,O2",-0.7329093495662755
sub21,task1,21zf03,clean_epochs_response1_ICA_sub21_zfy1_sess3-epo.fif,right,N1,0.13,0.2,"O1,Oz,O2",-0.36124270451658735
sub21,task1,21zf03,clean_epochs_response1_ICA_sub21_zfy1_sess3-epo.fif,correct_left,N1,0.13,0.2,"O1,Oz,O2",-0.7609190488955045
sub21,task1,21zf03,clean_epochs_response1_ICA_sub21_zfy1_sess3-epo.fif,correct_right,N1,0.13,0.2,"O1,Oz,O2",-0.3227228339710615
sub21,task1,21zf03,clean_epochs_response1_ICA_sub21_zfy1_sess3-epo.fif,error_left,N1,0.13,0.2,"O1,Oz,O2",-0.6535485348001269
sub21,task1,21zf03,clean_epochs_response1_ICA_sub21_zfy1_sess3-epo.fif,error_right,N1,0.13,0.2,"O1,Oz,O2",-0.4613943679349546
sub21,task1,21zf04,clean_epochs_response1_ICA_sub21_zfy1_sess4-epo.fif,correct,N1,0.13,0.2,"O1,Oz,O2",-0.2913783458756162
sub21,task1,21zf04,clean_epochs_response1_ICA_sub21_zfy1_sess4-epo.fif,error,N1,0.13,0.2,"O1,Oz,O2",-0.8357534979213069
sub21,task1,21zf04,clean_epochs_response1_ICA_sub21_zfy1_sess4-epo.fif,left,N1,0.13,0.2,"O1,Oz,O2",-0.5772916712652575
sub21,task1,21zf04,clean_epochs_response1_ICA_sub21_zfy1_sess4-epo.fif,right,N1,0.13,0.2,"O1,Oz,O2",-0.2158672076771035
sub21,task1,21zf04,clean_epochs_response1_ICA_sub21_zfy1_sess4-epo.fif,correct_left,N1,0.13,0.2,"O1,Oz,O2",-0.5857165608409635
sub21,task1,21zf04,clean_epochs_response1_ICA_sub21_zfy1_sess4-epo.fif,correct_right,N1,0.13,0.2,"O1,Oz,O2",-0.010945873349576713
sub21,task1,21zf04,clean_epochs_response1_ICA_sub21_zfy1_sess4-epo.fif,error_left,N1,0.13,0.2,"O1,Oz,O2",-0.5263210893322371
sub21,task1,21zf04,clean_epochs_response1_ICA_sub21_zfy1_sess4-epo.fif,error_right,N1,0.13,0.2,"O1,Oz,O2",-1.0291487532894754
sub22,task1,22zz03,clean_epochs_response1_ICA_sub22_zzy1_sess1-epo.fif,correct,N1,0.13,0.2,"O1,Oz,O2",-0.26615589689583397
sub22,task1,22zz03,clean_epochs_response1_ICA_sub22_zzy1_sess1-epo.fif,error,N1,0.13,0.2,"O1,Oz,O2",-0.677028425903559
sub22,task1,22zz03,clean_epochs_response1_ICA_sub22_zzy1_sess1-epo.fif,left,N1,0.13,0.2,"O1,Oz,O2",-0.275298681114038
sub22,task1,22zz03,clean_epochs_response1_ICA_sub22_zzy1_sess1-epo.fif,right,N1,0.13,0.2,"O1,Oz,O2",-0.40356467072778096
sub22,task1,22zz03,clean_epochs_response1_ICA_sub22_zzy1_sess1-epo.fif,correct_left,N1,0.13,0.2,"O1,Oz,O2",-0.12360243480595688
sub22,task1,22zz03,clean_epochs_response1_ICA_sub22_zzy1_sess1-epo.fif,correct_right,N1,0.13,0.2,"O1,Oz,O2",-0.3831773956263301
sub22,task1,22zz03,clean_epochs_response1_ICA_sub22_zzy1_sess1-epo.fif,error_left,N1,0.13,0.2,"O1,Oz,O2",-0.7967545277980669
sub22,task1,22zz03,clean_epochs_response1_ICA_sub22_zzy1_sess1-epo.fif,error_right,N1,0.13,0.2,"O1,Oz,O2",-0.5173936233775486
sub22,task1,22zz04,clean_epochs_response1_ICA_sub22_zzy1_sess2-epo.fif,correct,N1,0.13,0.2,"O1,Oz,O2",-0.1221210176568535
sub22,task1,22zz04,clean_epochs_response1_ICA_sub22_zzy1_sess2-epo.fif,error,N1,0.13,0.2,"O1,Oz,O2",0.02266125033802653
sub22,task1,22zz04,clean_epochs_response1_ICA_sub22_zzy1_sess2-epo.fif,left,N1,0.13,0.2,"O1,Oz,O2",-0.007652264585690103
sub22,task1,22zz04,clean_epochs_response1_ICA_sub22_zzy1_sess2-epo.fif,right,N1,0.13,0.2,"O1,Oz,O2",-0.3109102779771161
sub22,task1,22zz04,clean_epochs_response1_ICA_sub22_zzy1_sess2-epo.fif,correct_left,N1,0.13,0.2,"O1,Oz,O2",0.05127420328425991
sub22,task1,22zz04,clean_epochs_response1_ICA_sub22_zzy1_sess2-epo.fif,correct_right,N1,0.13,0.2,"O1,Oz,O2",-0.49863635455755695
sub22,task1,22zz04,clean_epochs_response1_ICA_sub22_zzy1_sess2-epo.fif,error_left,N1,0.13,0.2,"O1,Oz,O2",-0.13205258564447356
sub22,task1,22zz04,clean_epochs_response1_ICA_sub22_zzy1_sess2-epo.fif,error_right,N1,0.13,0.2,"O1,Oz,O2",1.879227282128027
sub24,task1,24cz03,clean_epochs_response1_ICA_sub24_czy1_sess1-epo.fif,correct,N1,0.13,0.2,"O1,Oz,O2",-1.0035771564215614
sub24,task1,24cz03,clean_epochs_response1_ICA_sub24_czy1_sess1-epo.fif,error,N1,0.13,0.2,"O1,Oz,O2",-1.6424293684999822
sub24,task1,24cz03,clean_epochs_response1_ICA_sub24_czy1_sess1-epo.fif,left,N1,0.13,0.2,"O1,Oz,O2",-1.9092127219405552
sub24,task1,24cz03,clean_epochs_response1_ICA_sub24_czy1_sess1-epo.fif,right,N1,0.13,0.2,"O1,Oz,O2",-0.5188264081894757
sub24,task1,24cz03,clean_epochs_response1_ICA_sub24_czy1_sess1-epo.fif,correct_left,N1,0.13,0.2,"O1,Oz,O2",-1.8534828212155727
sub24,task1,24cz03,clean_epochs_response1_ICA_sub24_czy1_sess1-epo.fif,correct_right,N1,0.13,0.2,"O1,Oz,O2",-0.28646925175161475
sub24,task1,24cz03,clean_epochs_response1_ICA_sub24_czy1_sess1-epo.fif,error_left,N1,0.13,0.2,"O1,Oz,O2",-2.1407061557212534
sub24,task1,24cz03,clean_epochs_response1_ICA_sub24_czy1_sess1-epo.fif,error_right,N1,0.13,0.2,"O1,Oz,O2",-1.3015031456643755
sub24,task1,24cz04,clean_epochs_response1_ICA_sub24_czy1_sess2-epo.fif,correct,N1,0.13,0.2,"O1,Oz,O2",-1.7132784191423203
sub24,task1,24cz04,clean_epochs_response1_ICA_sub24_czy1_sess2-epo.fif,error,N1,0.13,0.2,"O1,Oz,O2",-1.9351346117654427
sub24,task1,24cz04,clean_epochs_response1_ICA_sub24_czy1_sess2-epo.fif,left,N1,0.13,0.2,"O1,Oz,O2",-1.1562979521032226
sub24,task1,24cz04,clean_epochs_response1_ICA_sub24_czy1_sess2-epo.fif,right,N1,0.13,0.2,"O1,Oz,O2",-2.216934557715635
sub24,task1,24cz04,clean_epochs_response1_ICA_sub24_czy1_sess2-epo.fif,correct_left,N1,0.13,0.2,"O1,Oz,O2",-1.2545914830179823
sub24,task1,24cz04,clean_epochs_response1_ICA_sub24_czy1_sess2-epo.fif,correct_right,N1,0.13,0.2,"O1,Oz,O2",-2.1504644051358297
sub24,task1,24cz04,clean_epochs_response1_ICA_sub24_czy1_sess2-epo.fif,error_left,N1,0.13,0.2,"O1,Oz,O2",0.042883125056843094
sub24,task1,24cz04,clean_epochs_response1_ICA_sub24_czy1_sess2-epo.fif,error_right,N1,0.13,0.2,"O1,Oz,O2",-2.429639045971014
sub25,task1,25cj03,clean_epochs_response1_ICA_sub25_cjb1_sess3-epo.fif,correct,N1,0.13,0.2,"O1,Oz,O2",-0.3945881483243058
sub25,task1,25cj03,clean_epochs_response1_ICA_sub25_cjb1_sess3-epo.fif,error,N1,0.13,0.2,"O1,Oz,O2",-1.0086272881199065
sub25,task1,25cj03,clean_epochs_response1_ICA_sub25_cjb1_sess3-epo.fif,left,N1,0.13,0.2,"O1,Oz,O2",-0.6169637466856316
sub25,task1,25cj03,clean_epochs_response1_ICA_sub25_cjb1_sess3-epo.fif,right,N1,0.13,0.2,"O1,Oz,O2",-0.4056795134840361
sub25,task1,25cj03,clean_epochs_response1_ICA_sub25_cjb1_sess3-epo.fif,correct_left,N1,0.13,0.2,"O1,Oz,O2",-0.46001257283372465
sub25,task1,25cj03,clean_epochs_response1_ICA_sub25_cjb1_sess3-epo.fif,correct_right,N1,0.13,0.2,"O1,Oz,O2",-0.3280823283684502
sub25,task1,25cj03,clean_epochs_response1_ICA_sub25_cjb1_sess3-epo.fif,error_left,N1,0.13,0.2,"O1,Oz,O2",-1.421338512676655
sub25,task1,25cj03,clean_epochs_response1_ICA_sub25_cjb1_sess3-epo.fif,error_right,N1,0.13,0.2,"O1,Oz,O2",-0.699093869702345
sub25,task1,25cj04,clean_epochs_response1_ICA_sub25_cjb1_sess4-epo.fif,correct,N1,0.13,0.2,"O1,Oz,O2",-0.8426006292705729
sub25,task1,25cj04,clean_epochs_response1_ICA_sub25_cjb1_sess4-epo.fif,error,N1,0.13,0.2,"O1,Oz,O2",-2.0536898339977223
sub25,task1,25cj04,clean_epochs_response1_ICA_sub25_cjb1_sess4-epo.fif,left,N1,0.13,0.2,"O1,Oz,O2",-1.484999040920963
sub25,task1,25cj04,clean_epochs_response1_ICA_sub25_cjb1_sess4-epo.fif,right,N1,0.13,0.2,"O1,Oz,O2",-0.6004538353118462
sub25,task1,25cj04,clean_epochs_response1_ICA_sub25_cjb1_sess4-epo.fif,correct_left,N1,0.13,0.2,"O1,Oz,O2",-1.3200594076405265
sub25,task1,25cj04,clean_epochs_response1_ICA_sub25_cjb1_sess4-epo.fif,correct_right,N1,0.13,0.2,"O1,Oz,O2",-0.3538632970808562
sub25,task1,25cj04,clean_epochs_response1_ICA_sub25_cjb1_sess4-epo.fif,error_left,N1,0.13,0.2,"O1,Oz,O2",-3.4342856160533897
sub25,task1,25cj04,clean_epochs_response1_ICA_sub25_cjb1_sess4-epo.fif,error_right,N1,0.13,0.2,"O1,Oz,O2",-1.5791100339160875
sub26,task1,26pz03,clean_epochs_response1_ICA_sub26_pzq1_sess3-epo.fif,correct,N1,0.13,0.2,"O1,Oz,O2",-0.886921855223278
sub26,task1,26pz03,clean_epochs_response1_ICA_sub26_pzq1_sess3-epo.fif,error,N1,0.13,0.2,"O1,Oz,O2",0.5290533305908841
sub26,task1,26pz03,clean_epochs_response1_ICA_sub26_pzq1_sess3-epo.fif,left,N1,0.13,0.2,"O1,Oz,O2",-1.103896098393288
sub26,task1,26pz03,clean_epochs_response1_ICA_sub26_pzq1_sess3-epo.fif,right,N1,0.13,0.2,"O1,Oz,O2",-0.4581235798433792
sub26,task1,26pz03,clean_epochs_response1_ICA_sub26_pzq1_sess3-epo.fif,correct_left,N1,0.13,0.2,"O1,Oz,O2",-1.1843857853500994
sub26,task1,26pz03,clean_epochs_response1_ICA_sub26_pzq1_sess3-epo.fif,correct_right,N1,0.13,0.2,"O1,Oz,O2",-0.616500100562531
sub26,task1,26pz03,clean_epochs_response1_ICA_sub26_pzq1_sess3-epo.fif,error_left,N1,0.13,0.2,"O1,Oz,O2",-0.05753016795473865
sub26,task1,26pz03,clean_epochs_response1_ICA_sub26_pzq1_sess3-epo.fif,error_right,N1,0.13,0.2,"O1,Oz,O2",0.874102447382427
sub26,task1,26pz04,clean_epochs_response1_ICA_sub26_pzq1_sess4-epo.fif,correct,N1,0.13,0.2,"O1,Oz,O2",-0.38553854373377283
sub26,task1,26pz04,clean_epochs_response1_ICA_sub26_pzq1_sess4-epo.fif,error,N1,0.13,0.2,"O1,Oz,O2",-0.9283187710856392
sub26,task1,26pz04,clean_epochs_response1_ICA_sub26_pzq1_sess4-epo.fif,left,N1,0.13,0.2,"O1,Oz,O2",-0.4003686030457688
sub26,task1,26pz04,clean_epochs_response1_ICA_sub26_pzq1_sess4-epo.fif,right,N1,0.13,0.2,"O1,Oz,O2",-0.5039040376048434
sub26,task1,26pz04,clean_epochs_response1_ICA_sub26_pzq1_sess4-epo.fif,correct_left,N1,0.13,0.2,"O1,Oz,O2",-0.2951523872019867
sub26,task1,26pz04,clean_epochs_response1_ICA_sub26_pzq1_sess4-epo.fif,correct_right,N1,0.13,0.2,"O1,Oz,O2",-0.46374500541375796
sub26,task1,26pz04,clean_epochs_response1_ICA_sub26_pzq1_sess4-epo.fif,error_left,N1,0.13,0.2,"O1,Oz,O2",-0.8757900227843395
sub26,task1,26pz04,clean_epochs_response1_ICA_sub26_pzq1_sess4-epo.fif,error_right,N1,0.13,0.2,"O1,Oz,O2",-1.0701463914991483
sub27,task1,27ly03,clean_epochs_response1_ICA_sub27_lyj1_sess3-epo.fif,correct,N1,0.13,0.2,"O1,Oz,O2",-1.3068457262666828
sub27,task1,27ly03,clean_epochs_response1_ICA_sub27_lyj1_sess3-epo.fif,error,N1,0.13,0.2,"O1,Oz,O2",-0.5150136091142994
sub27,task1,27ly03,clean_epochs_response1_ICA_sub27_lyj1_sess3-epo.fif,left,N1,0.13,0.2,"O1,Oz,O2",-1.0422901075349962
sub27,task1,27ly03,clean_epochs_response1_ICA_sub27_lyj1_sess3-epo.fif,right,N1,0.13,0.2,"O1,Oz,O2",-1.3647358187175551
sub27,task1,27ly03,clean_epochs_response1_ICA_sub27_lyj1_sess3-epo.fif,correct_left,N1,0.13,0.2,"O1,Oz,O2",-1.3236416160052646
sub27,task1,27ly03,clean_epochs_response1_ICA_sub27_lyj1_sess3-epo.fif,correct_right,N1,0.13,0.2,"O1,Oz,O2",-1.2884112131389713
sub27,task1,27ly03,clean_epochs_response1_ICA_sub27_lyj1_sess3-epo.fif,error_left,N1,0.13,0.2,"O1,Oz,O2",0.6841850580780148
sub27,task1,27ly03,clean_epochs_response1_ICA_sub27_lyj1_sess3-epo.fif,error_right,N1,0.13,0.2,"O1,Oz,O2",-1.8341321430258444
sub27,task1,27ly04,clean_epochs_response1_ICA_sub27_lyj1_sess4-epo.fif,correct,N1,0.13,0.2,"O1,Oz,O2",-2.2183528030548296
sub27,task1,27ly04,clean_epochs_response1_ICA_sub27_lyj1_sess4-epo.fif,error,N1,0.13,0.2,"O1,Oz,O2",-1.802951563664208
sub27,task1,27ly04,clean_epochs_response1_ICA_sub27_lyj1_sess4-epo.fif,left,N1,0.13,0.2,"O1,Oz,O2",-1.9189639732641302
sub27,task1,27ly04,clean_epochs_response1_ICA_sub27_lyj1_sess4-epo.fif,right,N1,0.13,0.2,"O1,Oz,O2",-2.579267022815057
sub27,task1,27ly04,clean_epochs_response1_ICA_sub27_lyj1_sess4-epo.fif,correct_left,N1,0.13,0.2,"O1,Oz,O2",-2.268443219025356
sub27,task1,27ly04,clean_epochs_response1_ICA_sub27_lyj1_sess4-epo.fif,correct_right,N1,0.13,0.2,"O1,Oz,O2",-2.1095626808688404
sub27,task1,27ly04,clean_epochs_response1_ICA_sub27_lyj1_sess4-epo.fif,error_left,N1,0.13,0.2,"O1,Oz,O2",-1.3541079830221476
sub27,task1,27ly04,clean_epochs_response1_ICA_sub27_lyj1_sess4-epo.fif,error_right,N1,0.13,0.2,"O1,Oz,O2",-5.312092285047588
sub28,task1,28hb03,clean_epochs_response1_ICA_sub28_hbf1_sess1-epo.fif,correct,N1,0.13,0.2,"O1,Oz,O2",0.48559476823438324
sub28,task1,28hb03,clean_epochs_response1_ICA_sub28_hbf1_sess1-epo.fif,error,N1,0.13,0.2,"O1,Oz,O2",0.34266484406797404
sub28,task1,28hb03,clean_epochs_response1_ICA_sub28_hbf1_sess1-epo.fif,left,N1,0.13,0.2,"O1,Oz,O2",0.47041757991764893
sub28,task1,28hb03,clean_epochs_response1_ICA_sub28_hbf1_sess1-epo.fif,right,N1,0.13,0.2,"O1,Oz,O2",0.4573068988666981
sub28,task1,28hb03,clean_epochs_response1_ICA_sub28_hbf1_sess1-epo.fif,correct_left,N1,0.13,0.2,"O1,Oz,O2",0.5076197210927759
sub28,task1,28hb03,clean_epochs_response1_ICA_sub28_hbf1_sess1-epo.fif,correct_right,N1,0.13,0.2,"O1,Oz,O2",0.4685331850342199
sub28,task1,28hb03,clean_epochs_response1_ICA_sub28_hbf1_sess1-epo.fif,error_left,N1,0.13,0.2,"O1,Oz,O2",0.17811504211307996
sub28,task1,28hb03,clean_epochs_response1_ICA_sub28_hbf1_sess1-epo.fif,error_right,N1,0.13,0.2,"O1,Oz,O2",0.4104206448729304
sub28,task1,28hb04,clean_epochs_response1_ICA_sub28_hbf1_sess2-epo.fif,correct,N1,0.13,0.2,"O1,Oz,O2",0.5151315697726936
sub28,task1,28hb04,clean_epochs_response1_ICA_sub28_hbf1_sess2-epo.fif,error,N1,0.13,0.2,"O1,Oz,O2",0.39912847419229586
sub28,task1,28hb04,clean_epochs_response1_ICA_sub28_hbf1_sess2-epo.fif,left,N1,0.13,0.2,"O1,Oz,O2",0.8525856577756827
sub28,task1,28hb04,clean_epochs_response1_ICA_sub28_hbf1_sess2-epo.fif,right,N1,0.13,0.2,"O1,Oz,O2",-0.2572192065208185
sub28,task1,28hb04,clean_epochs_response1_ICA_sub28_hbf1_sess2-epo.fif,correct_left,N1,0.13,0.2,"O1,Oz,O2",0.8847321639119605
sub28,task1,28hb04,clean_epochs_response1_ICA_sub28_hbf1_sess2-epo.fif,correct_right,N1,0.13,0.2,"O1,Oz,O2",-0.13877717370447032
sub28,task1,28hb04,clean_epochs_response1_ICA_sub28_hbf1_sess2-epo.fif,error_left,N1,0.13,0.2,"O1,Oz,O2",0.7810337570207423
sub28,task1,28hb04,clean_epochs_response1_ICA_sub28_hbf1_sess2-epo.fif,error_right,N1,0.13,0.2,"O1,Oz,O2",-0.6771500501424168
sub18,task2,18cl03,clean_epochs_task2_ICA_sub18_clr1_sess3-epo.fif,correct,N1,0.13,0.2,"O1,Oz,O2",-7.03940424460288
sub18,task2,18cl03,clean_epochs_task2_ICA_sub18_clr1_sess3-epo.fif,error,N1,0.13,0.2,"O1,Oz,O2",-8.17197659309459
sub18,task2,18cl03,clean_epochs_task2_ICA_sub18_clr1_sess3-epo.fif,left,N1,0.13,0.2,"O1,Oz,O2",-6.863958865541691
sub18,task2,18cl03,clean_epochs_task2_ICA_sub18_clr1_sess3-epo.fif,right,N1,0.13,0.2,"O1,Oz,O2",-7.111353170766251
sub18,task2,18cl03,clean_epochs_task2_ICA_sub18_clr1_sess3-epo.fif,correct_left,N1,0.13,0.2,"O1,Oz,O2",-6.128563340705425
sub18,task2,18cl03,clean_epochs_task2_ICA_sub18_clr1_sess3-epo.fif,correct_right,N1,0.13,0.2,"O1,Oz,O2",-7.076104793844169
sub18,task2,18cl03,clean_epochs_task2_ICA_sub18_clr1_sess3-epo.fif,error_left,N1,0.13,0.2,"O1,Oz,O2",-9.560409123274665
sub18,task2,18cl03,clean_epochs_task2_ICA_sub18_clr1_sess3-epo.fif,error_right,N1,0.13,0.2,"O1,Oz,O2",-7.851569086129957
sub18,task2,18cl04,clean_epochs_task2_ICA_sub18_clr1_sess4-epo.fif,correct,N1,0.13,0.2,"O1,Oz,O2",-4.912476531417149
sub18,task2,18cl04,clean_epochs_task2_ICA_sub18_clr1_sess4-epo.fif,error,N1,0.13,0.2,"O1,Oz,O2",-5.439281695220909
sub18,task2,18cl04,clean_epochs_task2_ICA_sub18_clr1_sess4-epo.fif,left,N1,0.13,0.2,"O1,Oz,O2",-5.519352557148514
sub18,task2,18cl04,clean_epochs_task2_ICA_sub18_clr1_sess4-epo.fif,right,N1,0.13,0.2,"O1,Oz,O2",-4.7994633956123725
sub18,task2,18cl04,clean_epochs_task2_ICA_sub18_clr1_sess4-epo.fif,correct_left,N1,0.13,0.2,"O1,Oz,O2",-5.58401238187842
sub18,task2,18cl04,clean_epochs_task2_ICA_sub18_clr1_sess4-epo.fif,correct_right,N1,0.13,0.2,"O1,Oz,O2",-4.7378169828666845
sub18,task2,18cl04,clean_epochs_task2_ICA_sub18_clr1_sess4-epo.fif,error_left,N1,0.13,0.2,"O1,Oz,O2",-4.269262612370288
sub18,task2,18cl04,clean_epochs_task2_ICA_sub18_clr1_sess4-epo.fif,error_right,N1,0.13,0.2,"O1,Oz,O2",-5.658660273255401
sub19,task2,19ll03,clean_epochs_task2_ICA_sub19_llx1_sess3-epo.fif,correct,N1,0.13,0.2,"O1,Oz,O2",-3.304419894466231
sub19,task2,19ll03,clean_epochs_task2_ICA_sub19_llx1_sess3-epo.fif,error,N1,0.13,0.2,"O1,Oz,O2",-3.5097168999608064
sub19,task2,19ll03,clean_epochs_task2_ICA_sub19_llx1_sess3-epo.fif,left,N1,0.13,0.2,"O1,Oz,O2",-3.460802640727216
sub19,task2,19ll03,clean_epochs_task2_ICA_sub19_llx1_sess3-epo.fif,right,N1,0.13,0.2,"O1,Oz,O2",-3.2949347783430243
sub19,task2,19ll03,clean_epochs_task2_ICA_sub19_llx1_sess3-epo.fif,correct_left,N1,0.13,0.2,"O1,Oz,O2",-3.4753931816064263
sub19,task2,19ll03,clean_epochs_task2_ICA_sub19_llx1_sess3-epo.fif,correct_right,N1,0.13,0.2,"O1,Oz,O2",-3.2697631470729482
sub19,task2,19ll03,clean_epochs_task2_ICA_sub19_llx1_sess3-epo.fif,error_left,N1,0.13,0.2,"O1,Oz,O2",-3.4102969222991804
sub19,task2,19ll03,clean_epochs_task2_ICA_sub19_llx1_sess3-epo.fif,error_right,N1,0.13,0.2,"O1,Oz,O2",-3.5743398854408635
sub19,task2,19ll04,clean_epochs_task2_ICA_sub19_llx1_sess4-epo.fif,correct,N1,0.13,0.2,"O1,Oz,O2",-6.709388114210517
sub19,task2,19ll04,clean_epochs_task2_ICA_sub19_llx1_sess4-epo.fif,error,N1,0.13,0.2,"O1,Oz,O2",-6.034324328951562
sub19,task2,19ll04,clean_epochs_task2_ICA_sub19_llx1_sess4-epo.fif,left,N1,0.13,0.2,"O1,Oz,O2",-7.1290346269718485
sub19,task2,19ll04,clean_epochs_task2_ICA_sub19_llx1_sess4-epo.fif,right,N1,0.13,0.2,"O1,Oz,O2",-6.586233120998307
sub19,task2,19ll04,clean_epochs_task2_ICA_sub19_llx1_sess4-epo.fif,correct_left,N1,0.13,0.2,"O1,Oz,O2",-8.198583633144603
sub19,task2,19ll04,clean_epochs_task2_ICA_sub19_llx1_sess4-epo.fif,correct_right,N1,0.13,0.2,"O1,Oz,O2",-6.571277239470663
sub19,task2,19ll04,clean_epochs_task2_ICA_sub19_llx1_sess4-epo.fif,error_left,N1,0.13,0.2,"O1,Oz,O2",-4.395742722308144
sub19,task2,19ll04,clean_epochs_task2_ICA_sub19_llx1_sess4-epo.fif,error_right,N1,0.13,0.2,"O1,Oz,O2",-6.7716860519411
sub20,task2,20py03,clean_epochs_task2_ICA_sub20_pyb1_sess3-epo.fif,correct,N1,0.13,0.2,"O1,Oz,O2",-1.1789061565044876
sub20,task2,20py03,clean_epochs_task2_ICA_sub20_pyb1_sess3-epo.fif,error,N1,0.13,0.2,"O1,Oz,O2",-2.0433613360300344
sub20,task2,20py03,clean_epochs_task2_ICA_sub20_pyb1_sess3-epo.fif,left,N1,0.13,0.2,"O1,Oz,O2",-0.49871170884239924
sub20,task2,20py03,clean_epochs_task2_ICA_sub20_pyb1_sess3-epo.fif,right,N1,0.13,0.2,"O1,Oz,O2",-1.3437713444186787
sub20,task2,20py03,clean_epochs_task2_ICA_sub20_pyb1_sess3-epo.fif,correct_left,N1,0.13,0.2,"O1,Oz,O2",-0.3974751918127223
sub20,task2,20py03,clean_epochs_task2_ICA_sub20_pyb1_sess3-epo.fif,correct_right,N1,0.13,0.2,"O1,Oz,O2",-1.259851196671762
sub20,task2,20py03,clean_epochs_task2_ICA_sub20_pyb1_sess3-epo.fif,error_left,N1,0.13,0.2,"O1,Oz,O2",-0.7911727580392439
sub20,task2,20py03,clean_epochs_task2_ICA_sub20_pyb1_sess3-epo.fif,error_right,N1,0.13,0.2,"O1,Oz,O2",-2.848339707595543
sub20,task2,20py04,clean_epochs_task2_ICA_sub20_pyb1_sess4-epo.fif,correct,N1,0.13,0.2,"O1,Oz,O2",0.08383841038300162
sub20,task2,20py04,clean_epochs_task2_ICA_sub20_pyb1_sess4-epo.fif,error,N1,0.13,0.2,"O1,Oz,O2",-0.6383453958494225
sub20,task2,20py04,clean_epochs_task2_ICA_sub20_pyb1_sess4-epo.fif,left,N1,0.13,0.2,"O1,Oz,O2",0.26609315970951286
sub20,task2,20py04,clean_epochs_task2_ICA_sub20_pyb1_sess4-epo.fif,right,N1,0.13,0.2,"O1,Oz,O2",-0.024830920105543195
sub20,task2,20py04,clean_epochs_task2_ICA_sub20_pyb1_sess4-epo.fif,correct_left,N1,0.13,0.2,"O1,Oz,O2",0.2738607312193729
sub20,task2,20py04,clean_epochs_task2_ICA_sub20_pyb1_sess4-epo.fif,correct_right,N1,0.13,0.2,"O1,Oz,O2",0.048618756090053596
sub20,task2,20py04,clean_epochs_task2_ICA_sub20_pyb1_sess4-epo.fif,error_left,N1,0.13,0.2,"O1,Oz,O2",0.21837807757751543
sub20,task2,20py04,clean_epochs_task2_ICA_sub20_pyb1_sess4-epo.fif,error_right,N1,0.13,0.2,"O1,Oz,O2",-0.9715156355154538
sub21,task2,21zf03,clean_epochs_task2_ICA_sub21_zfy1_sess3-epo.fif,correct,N1,0.13,0.2,"O1,Oz,O2",-2.386900729128821
sub21,task2,21zf03,clean_epochs_task2_ICA_sub21_zfy1_sess3-epo.fif,error,N1,0.13,0.2,"O1,Oz,O2",-2.5221770759866735
sub21,task2,21zf03,clean_epochs_task2_ICA_sub21_zfy1_sess3-epo.fif,left,N1,0.13,0.2,"O1,Oz,O2",-2.521015100832634
sub21,task2,21zf03,clean_epochs_task2_ICA_sub21_zfy1_sess3-epo.fif,right,N1,0.13,0.2,"O1,Oz,O2",-2.413959013479831
sub21,task2,21zf03,clean_epochs_task2_ICA_sub21_zfy1_sess3-epo.fif,correct_left,N1,0.13,0.2,"O1,Oz,O2",-2.477131333282859
sub21,task2,21zf03,clean_epochs_task2_ICA_sub21_zfy1_sess3-epo.fif,correct_right,N1,0.13,0.2,"O1,Oz,O2",-2.3812613163691942
sub21,task2,21zf03,clean_epochs_task2_ICA_sub21_zfy1_sess3-epo.fif,error_left,N1,0.13,0.2,"O1,Oz,O2",-2.5728777352096395
sub21,task2,21zf03,clean_epochs_task2_ICA_sub21_zfy1_sess3-epo.fif,error_right,N1,0.13,0.2,"O1,Oz,O2",-2.5139754987594296
sub21,task2,21zf04,clean_epochs_task2_ICA_sub21_zfy1_sess4-epo.fif,correct,N1,0.13,0.2,"O1,Oz,O2",-2.588368533582426
sub21,task2,21zf04,clean_epochs_task2_ICA_sub21_zfy1_sess4-epo.fif,error,N1,0.13,0.2,"O1,Oz,O2",-2.296456111849814
sub21,task2,21zf04,clean_epochs_task2_ICA_sub21_zfy1_sess4-epo.fif,left,N1,0.13,0.2,"O1,Oz,O2",-2.7473544928035967
sub21,task2,21zf04,clean_epochs_task2_ICA_sub21_zfy1_sess4-epo.fif,right,N1,0.13,0.2,"O1,Oz,O2",-2.5151466410011656
sub21,task2,21zf04,clean_epochs_task2_ICA_sub21_zfy1_sess4-epo.fif,correct_left,N1,0.13,0.2,"O1,Oz,O2",-3.153869754068204
sub21,task2,21zf04,clean_epochs_task2_ICA_sub21_zfy1_sess4-epo.fif,correct_right,N1,0.13,0.2,"O1,Oz,O2",-2.5446817440170015
sub21,task2,21zf04,clean_epochs_task2_ICA_sub21_zfy1_sess4-epo.fif,error_left,N1,0.13,0.2,"O1,Oz,O2",-2.2595361792860684
sub21,task2,21zf04,clean_epochs_task2_ICA_sub21_zfy1_sess4-epo.fif,error_right,N1,0.13,0.2,"O1,Oz,O2",-2.312744317392643
sub22,task2,22zz03,clean_epochs_task2_ICA_sub22_zzy1_sess1-epo.fif,correct,N1,0.13,0.2,"O1,Oz,O2",-3.0545287101365295
sub22,task2,22zz03,clean_epochs_task2_ICA_sub22_zzy1_sess1-epo.fif,error,N1,0.13,0.2,"O1,Oz,O2",-2.515643436573745
sub22,task2,22zz03,clean_epochs_task2_ICA_sub22_zzy1_sess1-epo.fif,left,N1,0.13,0.2,"O1,Oz,O2",-3.7744788474881528
sub22,task2,22zz03,clean_epochs_task2_ICA_sub22_zzy1_sess1-epo.fif,right,N1,0.13,0.2,"O1,Oz,O2",-2.8849392707002783
sub22,task2,22zz03,clean_epochs_task2_ICA_sub22_zzy1_sess1-epo.fif,correct_left,N1,0.13,0.2,"O1,Oz,O2",0.5432187282023226
sub22,task2,22zz03,clean_epochs_task2_ICA_sub22_zzy1_sess1-epo.fif,correct_right,N1,0.13,0.2,"O1,Oz,O2",-3.085813470469911
sub22,task2,22zz03,clean_epochs_task2_ICA_sub22_zzy1_sess1-epo.fif,error_left,N1,0.13,0.2,"O1,Oz,O2",-4.391292786872507
sub22,task2,22zz03,clean_epochs_task2_ICA_sub22_zzy1_sess1-epo.fif,error_right,N1,0.13,0.2,"O1,Oz,O2",-2.029363975385177
sub22,task2,22zz04,clean_epochs_task2_ICA_sub22_zzy1_sess2-epo.fif,correct,N1,0.13,0.2,"O1,Oz,O2",-1.2863258257201835
sub22,task2,22zz04,clean_epochs_task2_ICA_sub22_zzy1_sess2-epo.fif,error,N1,0.13,0.2,"O1,Oz,O2",-2.0641867356809493
sub22,task2,22zz04,clean_epochs_task2_ICA_sub22_zzy1_sess2-epo.fif,left,N1,0.13,0.2,"O1,Oz,O2",-3.63595645528187
sub22,task2,22zz04,clean_epochs_task2_ICA_sub22_zzy1_sess2-epo.fif,right,N1,0.13,0.2,"O1,Oz,O2",-1.2907356965285184
sub22,task2,22zz04,clean_epochs_task2_ICA_sub22_zzy1_sess2-epo.fif,correct_left,N1,0.13,0.2,"O1,Oz,O2",-3.7811054083084077
sub22,task2,22zz04,clean_epochs_task2_ICA_sub22_zzy1_sess2-epo.fif,correct_right,N1,0.13,0.2,"O1,Oz,O2",-1.0822074962356922
sub22,task2,22zz04,clean_epochs_task2_ICA_sub22_zzy1_sess2-epo.fif,error_left,N1,0.13,0.2,"O1,Oz,O2",-2.329615878043036
sub22,task2,22zz04,clean_epochs_task2_ICA_sub22_zzy1_sess2-epo.fif,error_right,N1,0.13,0.2,"O1,Oz,O2",-2.055339097602213
sub24,task2,24cz03,clean_epochs_task2_ICA_sub24_czy1_sess1-epo.fif,correct,N1,0.13,0.2,"O1,Oz,O2",-0.7504120866390003
sub24,task2,24cz03,clean_epochs_task2_ICA_sub24_czy1_sess1-epo.fif,error,N1,0.13,0.2,"O1,Oz,O2",-0.959877837302526
sub24,task2,24cz03,clean_epochs_task2_ICA_sub24_czy1_sess1-epo.fif,left,N1,0.13,0.2,"O1,Oz,O2",-1.1128202793281432
sub24,task2,24cz03,clean_epochs_task2_ICA_sub24_czy1_sess1-epo.fif,right,N1,0.13,0.2,"O1,Oz,O2",-0.7613986279890655
sub24,task2,24cz03,clean_epochs_task2_ICA_sub24_czy1_sess1-epo.fif,correct_left,N1,0.13,0.2,"O1,Oz,O2",-1.0138766162229804
sub24,task2,24cz03,clean_epochs_task2_ICA_sub24_czy1_sess1-epo.fif,correct_right,N1,0.13,0.2,"O1,Oz,O2",-0.731923347720826
sub24,task2,24cz03,clean_epochs_task2_ICA_sub24_czy1_sess1-epo.fif,error_left,N1,0.13,0.2,"O1,Oz,O2",-1.3107076055384685
sub24,task2,24cz03,clean_epochs_task2_ICA_sub24_czy1_sess1-epo.fif,error_right,N1,0.13,0.2,"O1,Oz,O2",-0.9014062092632021
sub24,task2,24cz04,clean_epochs_task2_ICA_sub24_czy1_sess2-epo.fif,correct,N1,0.13,0.2,"O1,Oz,O2",-6.013077415944543
sub24,task2,24cz04,clean_epochs_task2_ICA_sub24_czy1_sess2-epo.fif,error,N1,0.13,0.2,"O1,Oz,O2",-5.9183393527622865
sub24,task2,24cz04,clean_epochs_task2_ICA_sub24_czy1_sess2-epo.fif,left,N1,0.13,0.2,"O1,Oz,O2",-1.9007075299134268
sub24,task2,24cz04,clean_epochs_task2_ICA_sub24_czy1_sess2-epo.fif,right,N1,0.13,0.2,"O1,Oz,O2",-6.0241457397250295
sub24,task2,24cz04,clean_epochs_task2_ICA_sub24_czy1_sess2-epo.fif,correct_right,N1,0.13,0.2,"O1,Oz,O2",-6.013077415944543
sub24,task2,24cz04,clean_epochs_task2_ICA_sub24_czy1_sess2-epo.fif,error_left,N1,0.13,0.2,"O1,Oz,O2",-1.9007075299134268
sub24,task2,24cz04,clean_epochs_task2_ICA_sub24_czy1_sess2-epo.fif,error_right,N1,0.13,0.2,"O1,Oz,O2",-6.07904462567624
sub25,task2,25cj03,clean_epochs_task2_ICA_sub25_cjb1_sess3-epo.fif,correct,N1,0.13,0.2,"O1,Oz,O2",-3.0935795429855957
sub25,task2,25cj03,clean_epochs_task2_ICA_sub25_cjb1_sess3-epo.fif,error,N1,0.13,0.2,"O1,Oz,O2",-4.03430492827651
sub25,task2,25cj03,clean_epochs_task2_ICA_sub25_cjb1_sess3-epo.fif,left,N1,0.13,0.2,"O1,Oz,O2",-3.859557728129291
sub25,task2,25cj03,clean_epochs_task2_ICA_sub25_cjb1_sess3-epo.fif,right,N1,0.13,0.2,"O1,Oz,O2",-3.2416035810312165
sub25,task2,25cj03,clean_epochs_task2_ICA_sub25_cjb1_sess3-epo.fif,correct_left,N1,0.13,0.2,"O1,Oz,O2",-3.713162910535219
sub25,task2,25cj03,clean_epochs_task2_ICA_sub25_cjb1_sess3-epo.fif,correct_right,N1,0.13,0.2,"O1,Oz,O2",-3.0721221103431846
sub25,task2,25cj03,clean_epochs_task2_ICA_sub25_cjb1_sess3-epo.fif,error_left,N1,0.13,0.2,"O1,Oz,O2",-3.949646846648719
sub25,task2,25cj03,clean_epochs_task2_ICA_sub25_cjb1_sess3-epo.fif,error_right,N1,0.13,0.2,"O1,Oz,O2",-4.057233158717369
sub25,task2,25cj04,clean_epochs_task2_ICA_sub25_cjb1_sess4-epo.fif,correct,N1,0.13,0.2,"O1,Oz,O2",-6.128785334803865
sub25,task2,25cj04,clean_epochs_task2_ICA_sub25_cjb1_sess4-epo.fif,error,N1,0.13,0.2,"O1,Oz,O2",-6.75944645033386
sub25,task2,25cj04,clean_epochs_task2_ICA_sub25_cjb1_sess4-epo.fif,left,N1,0.13,0.2,"O1,Oz,O2",-5.542213816781629
sub25,task2,25cj04,clean_epochs_task2_ICA_sub25_cjb1_sess4-epo.fif,right,N1,0.13,0.2,"O1,Oz,O2",-6.243745668700264
sub25,task2,25cj04,clean_epochs_task2_ICA_sub25_cjb1_sess4-epo.fif,correct_left,N1,0.13,0.2,"O1,Oz,O2",-6.336119510526026
sub25,task2,25cj04,clean_epochs_task2_ICA_sub25_cjb1_sess4-epo.fif,correct_right,N1,0.13,0.2,"O1,Oz,O2",-6.120557788148224
sub25,task2,25cj04,clean_epochs_task2_ICA_sub25_cjb1_sess4-epo.fif,error_left,N1,0.13,0.2,"O1,Oz,O2",-3.9544024292928373
sub25,task2,25cj04,clean_epochs_task2_ICA_sub25_cjb1_sess4-epo.fif,error_right,N1,0.13,0.2,"O1,Oz,O2",-7.184453120188558
sub26,task2,26pz03,clean_epochs_task2_ICA_sub26_pzq1_sess3-epo.fif,correct,N1,0.13,0.2,"O1,Oz,O2",-4.1924594072715395
sub26,task2,26pz03,clean_epochs_task2_ICA_sub26_pzq1_sess3-epo.fif,error,N1,0.13,0.2,"O1,Oz,O2",-4.030223889778399
sub26,task2,26pz03,clean_epochs_task2_ICA_sub26_pzq1_sess3-epo.fif,left,N1,0.13,0.2,"O1,Oz,O2",-4.3125003970737215
sub26,task2,26pz03,clean_epochs_task2_ICA_sub26_pzq1_sess3-epo.fif,right,N1,0.13,0.2,"O1,Oz,O2",-4.172557742696971
sub26,task2,26pz03,clean_epochs_task2_ICA_sub26_pzq1_sess3-epo.fif,correct_left,N1,0.13,0.2,"O1,Oz,O2",-4.668741197728581
sub26,task2,26pz03,clean_epochs_task2_ICA_sub26_pzq1_sess3-epo.fif,correct_right,N1,0.13,0.2,"O1,Oz,O2",-4.174621137966032
sub26,task2,26pz03,clean_epochs_task2_ICA_sub26_pzq1_sess3-epo.fif,error_left,N1,0.13,0.2,"O1,Oz,O2",-3.7187657293156255
sub26,task2,26pz03,clean_epochs_task2_ICA_sub26_pzq1_sess3-epo.fif,error_right,N1,0.13,0.2,"O1,Oz,O2",-4.140150299353494
sub26,task2,26pz04,clean_epochs_task2_ICA_sub26_pzq1_sess4-epo.fif,correct,N1,0.13,0.2,"O1,Oz,O2",-1.7575555241167489
sub26,task2,26pz04,clean_epochs_task2_ICA_sub26_pzq1_sess4-epo.fif,error,N1,0.13,0.2,"O1,Oz,O2",-3.1479004627412497
sub26,task2,26pz04,clean_epochs_task2_ICA_sub26_pzq1_sess4-epo.fif,left,N1,0.13,0.2,"O1,Oz,O2",-1.8439672618629397
sub26,task2,26pz04,clean_epochs_task2_ICA_sub26_pzq1_sess4-epo.fif,right,N1,0.13,0.2,"O1,Oz,O2",-1.8103695089161642
sub26,task2,26pz04,clean_epochs_task2_ICA_sub26_pzq1_sess4-epo.fif,correct_left,N1,0.13,0.2,"O1,Oz,O2",-1.8439672618629397
sub26,task2,26pz04,clean_epochs_task2_ICA_sub26_pzq1_sess4-epo.fif,correct_right,N1,0.13,0.2,"O1,Oz,O2",-1.7493414806047534
sub26,task2,26pz04,clean_epochs_task2_ICA_sub26_pzq1_sess4-epo.fif,error_right,N1,0.13,0.2,"O1,Oz,O2",-3.1479004627412497
sub27,task2,27ly03,clean_epochs_task2_ICA_sub27_lyj1_sess3-epo.fif,correct,N1,0.13,0.2,"O1,Oz,O2",-6.3633062078295115
sub27,task2,27ly03,clean_epochs_task2_ICA_sub27_lyj1_sess3-epo.fif,error,N1,0.13,0.2,"O1,Oz,O2",-6.426578367648231
sub27,task2,27ly03,clean_epochs_task2_ICA_sub27_lyj1_sess3-epo.fif,left,N1,0.13,0.2,"O1,Oz,O2",-6.9811872937373645
sub27,task2,27ly03,clean_epochs_task2_ICA_sub27_lyj1_sess3-epo.fif,right,N1,0.13,0.2,"O1,Oz,O2",-6.2535234574817835
sub27,task2,27ly03,clean_epochs_task2_ICA_sub27_lyj1_sess3-epo.fif,correct_left,N1,0.13,0.2,"O1,Oz,O2",-6.768639686474173
sub27,task2,27ly03,clean_epochs_task2_ICA_sub27_lyj1_sess3-epo.fif,correct_right,N1,0.13,0.2,"O1,Oz,O2",-6.321555119900449
sub27,task2,27ly03,clean_epochs_task2_ICA_sub27_lyj1_sess3-epo.fif,error_left,N1,0.13,0.2,"O1,Oz,O2",-7.185232996710028
sub27,task2,27ly03,clean_epochs_task2_ICA_sub27_lyj1_sess3-epo.fif,error_right,N1,0.13,0.2,"O1,Oz,O2",-5.372891382840179
sub27,task2,27ly04,clean_epochs_task2_ICA_sub27_lyj1_sess4-epo.fif,correct,N1,0.13,0.2,"O1,Oz,O2",-9.702353261971009
sub27,task2,27ly04,clean_epochs_task2_ICA_sub27_lyj1_sess4-epo.fif,error,N1,0.13,0.2,"O1,Oz,O2",-9.101465393118351
sub27,task2,27ly04,clean_epochs_task2_ICA_sub27_lyj1_sess4-epo.fif,left,N1,0.13,0.2,"O1,Oz,O2",-9.23269539731667
sub27,task2,27ly04,clean_epochs_task2_ICA_sub27_lyj1_sess4-epo.fif,right,N1,0.13,0.2,"O1,Oz,O2",-9.820404425103876
sub27,task2,27ly04,clean_epochs_task2_ICA_sub27_lyj1_sess4-epo.fif,correct_left,N1,0.13,0.2,"O1,Oz,O2",-9.415015545900307
sub27,task2,27ly04,clean_epochs_task2_ICA_sub27_lyj1_sess4-epo.fif,correct_right,N1,0.13,0.2,"O1,Oz,O2",-9.823096238404975
sub27,task2,27ly04,clean_epochs_task2_ICA_sub27_lyj1_sess4-epo.fif,error_left,N1,0.13,0.2,"O1,Oz,O2",-8.272475948109514
sub27,task2,27ly04,clean_epochs_task2_ICA_sub27_lyj1_sess4-epo.fif,error_right,N1,0.13,0.2,"O1,Oz,O2",-9.792289930625714
sub28,task2,28hb03,clean_epochs_task2_ICA_sub28_hbf1_sess1-epo.fif,correct,N1,0.13,0.2,"O1,Oz,O2",-3.0993744217786703
sub28,task2,28hb03,clean_epochs_task2_ICA_sub28_hbf1_sess1-epo.fif,error,N1,0.13,0.2,"O1,Oz,O2",-2.687364626552516
sub28,task2,28hb03,clean_epochs_task2_ICA_sub28_hbf1_sess1-epo.fif,left,N1,0.13,0.2,"O1,Oz,O2",-3.0714474508846576
sub28,task2,28hb03,clean_epochs_task2_ICA_sub28_hbf1_sess1-epo.fif,right,N1,0.13,0.2,"O1,Oz,O2",-3.0449955600652414
sub28,task2,28hb03,clean_epochs_task2_ICA_sub28_hbf1_sess1-epo.fif,correct_left,N1,0.13,0.2,"O1,Oz,O2",-3.0450672034720068
sub28,task2,28hb03,clean_epochs_task2_ICA_sub28_hbf1_sess1-epo.fif,correct_right,N1,0.13,0.2,"O1,Oz,O2",-3.107402445354438
sub28,task2,28hb03,clean_epochs_task2_ICA_sub28_hbf1_sess1-epo.fif,error_left,N1,0.13,0.2,"O1,Oz,O2",-3.1122169241587527
sub28,task2,28hb03,clean_epochs_task2_ICA_sub28_hbf1_sess1-epo.fif,error_right,N1,0.13,0.2,"O1,Oz,O2",-2.0197395874570025
sub28,task2,28hb04,clean_epochs_task2_ICA_sub28_hbf1_sess2-epo.fif,correct,N1,0.13,0.2,"O1,Oz,O2",-2.5606457844104162
sub28,task2,28hb04,clean_epochs_task2_ICA_sub28_hbf1_sess2-epo.fif,error,N1,0.13,0.2,"O1,Oz,O2",-2.057464086053196
sub28,task2,28hb04,clean_epochs_task2_ICA_sub28_hbf1_sess2-epo.fif,left,N1,0.13,0.2,"O1,Oz,O2",-2.281844660146237
sub28,task2,28hb04,clean_epochs_task2_ICA_sub28_hbf1_sess2-epo.fif,right,N1,0.13,0.2,"O1,Oz,O2",-2.5157696695918084
sub28,task2,28hb04,clean_epochs_task2_ICA_sub28_hbf1_sess2-epo.fif,correct_left,N1,0.13,0.2,"O1,Oz,O2",-2.3250546016216225
sub28,task2,28hb04,clean_epochs_task2_ICA_sub28_hbf1_sess2-epo.fif,correct_right,N1,0.13,0.2,"O1,Oz,O2",-2.608217080935077
sub28,task2,28hb04,clean_epochs_task2_ICA_sub28_hbf1_sess2-epo.fif,error_left,N1,0.13,0.2,"O1,Oz,O2",-2.054992467400467
sub28,task2,28hb04,clean_epochs_task2_ICA_sub28_hbf1_sess2-epo.fif,error_right,N1,0.13,0.2,"O1,Oz,O2",-2.057934870558478
