subject,task,session,file,condition,component,tmin,tmax,roi,mean_amp_uV
sub18,task1,3,clean_epochs_task1_ICA_sub18_clr1_sess3-epo.fif,correct,N1,0.13,0.2,"O1,Oz,O2",-6.865466022646057
sub18,task1,3,clean_epochs_task1_ICA_sub18_clr1_sess3-epo.fif,error,N1,0.13,0.2,"O1,Oz,O2",-8.487804424020538
sub18,task1,3,clean_epochs_task1_ICA_sub18_clr1_sess3-epo.fif,left,N1,0.13,0.2,"O1,Oz,O2",-7.700142600681195
sub18,task1,3,clean_epochs_task1_ICA_sub18_clr1_sess3-epo.fif,right,N1,0.13,0.2,"O1,Oz,O2",-6.4986263973996365
sub18,task1,3,clean_epochs_task1_ICA_sub18_clr1_sess3-epo.fif,correct_left,N1,0.13,0.2,"O1,Oz,O2",-7.565437722641721
sub18,task1,3,clean_epochs_task1_ICA_sub18_clr1_sess3-epo.fif,correct_right,N1,0.13,0.2,"O1,Oz,O2",-6.350392507554907
sub18,task1,3,clean_epochs_task1_ICA_sub18_clr1_sess3-epo.fif,error_left,N1,0.13,0.2,"O1,Oz,O2",-9.951638419340968
sub18,task1,3,clean_epochs_task1_ICA_sub18_clr1_sess3-epo.fif,error_right,N1,0.13,0.2,"O1,Oz,O2",-7.885049249476833
sub18,task1,4,clean_epochs_task1_ICA_sub18_clr1_sess4-epo.fif,correct,N1,0.13,0.2,"O1,Oz,O2",-9.202686618292065
sub18,task1,4,clean_epochs_task1_ICA_sub18_clr1_sess4-epo.fif,error,N1,0.13,0.2,"O1,Oz,O2",-10.12827207857574
sub18,task1,4,clean_epochs_task1_ICA_sub18_clr1_sess4-epo.fif,left,N1,0.13,0.2,"O1,Oz,O2",-9.961033573711488
sub18,task1,4,clean_epochs_task1_ICA_sub18_clr1_sess4-epo.fif,right,N1,0.13,0.2,"O1,Oz,O2",-8.928496154459316
sub18,task1,4,clean_epochs_task1_ICA_sub18_clr1_sess4-epo.fif,correct_left,N1,0.13,0.2,"O1,Oz,O2",-9.58815969171132
sub18,task1,4,clean_epochs_task1_ICA_sub18_clr1_sess4-epo.fif,correct_right,N1,0.13,0.2,"O1,Oz,O2",-8.817213544872814
sub18,task1,4,clean_epochs_task1_ICA_sub18_clr1_sess4-epo.fif,error_left,N1,0.13,0.2,"O1,Oz,O2",-11.237844139348423
sub18,task1,4,clean_epochs_task1_ICA_sub18_clr1_sess4-epo.fif,error_right,N1,0.13,0.2,"O1,Oz,O2",-9.235201883319684
sub18,task1,1,clean_epochs_task1_ICA_sub18_clr1_sess1-epo.fif,correct,N1,0.13,0.2,"O1,Oz,O2",-7.563754898099115
sub18,task1,1,clean_epochs_task1_ICA_sub18_clr1_sess1-epo.fif,error,N1,0.13,0.2,"O1,Oz,O2",-6.7273552182699214
sub18,task1,1,clean_epochs_task1_ICA_sub18_clr1_sess1-epo.fif,left,N1,0.13,0.2,"O1,Oz,O2",-7.246493140985135
sub18,task1,1,clean_epochs_task1_ICA_sub18_clr1_sess1-epo.fif,right,N1,0.13,0.2,"O1,Oz,O2",-7.4380098855141785
sub18,task1,1,clean_epochs_task1_ICA_sub18_clr1_sess1-epo.fif,correct_left,N1,0.13,0.2,"O1,Oz,O2",-7.427083858497322
sub18,task1,1,clean_epochs_task1_ICA_sub18_clr1_sess1-epo.fif,correct_right,N1,0.13,0.2,"O1,Oz,O2",-7.6568496642046835
sub18,task1,1,clean_epochs_task1_ICA_sub18_clr1_sess1-epo.fif,error_left,N1,0.13,0.2,"O1,Oz,O2",-4.417238566627532
sub18,task1,1,clean_epochs_task1_ICA_sub18_clr1_sess1-epo.fif,error_right,N1,0.13,0.2,"O1,Oz,O2",-6.950914894235313
sub18,task1,2,clean_epochs_task1_ICA_sub18_clr1_sess2-epo.fif,correct,N1,0.13,0.2,"O1,Oz,O2",-8.793625507079161
sub18,task1,2,clean_epochs_task1_ICA_sub18_clr1_sess2-epo.fif,error,N1,0.13,0.2,"O1,Oz,O2",-8.33845307983159
sub18,task1,2,clean_epochs_task1_ICA_sub18_clr1_sess2-epo.fif,left,N1,0.13,0.2,"O1,Oz,O2",-9.297622945592897
sub18,task1,2,clean_epochs_task1_ICA_sub18_clr1_sess2-epo.fif,right,N1,0.13,0.2,"O1,Oz,O2",-8.089832408777404
sub18,task1,2,clean_epochs_task1_ICA_sub18_clr1_sess2-epo.fif,correct_left,N1,0.13,0.2,"O1,Oz,O2",-9.10582695589063
sub18,task1,2,clean_epochs_task1_ICA_sub18_clr1_sess2-epo.fif,correct_right,N1,0.13,0.2,"O1,Oz,O2",-8.41378041102521
sub18,task1,2,clean_epochs_task1_ICA_sub18_clr1_sess2-epo.fif,error_left,N1,0.13,0.2,"O1,Oz,O2",-11.04776135162609
sub18,task1,2,clean_epochs_task1_ICA_sub18_clr1_sess2-epo.fif,error_right,N1,0.13,0.2,"O1,Oz,O2",-5.930179060458701
sub19,task1,3,clean_epochs_task1_ICA_sub19_llx1_sess3-epo.fif,correct,N1,0.13,0.2,"O1,Oz,O2",-5.26588841394425
sub19,task1,3,clean_epochs_task1_ICA_sub19_llx1_sess3-epo.fif,error,N1,0.13,0.2,"O1,Oz,O2",-5.7710098728908426
sub19,task1,3,clean_epochs_task1_ICA_sub19_llx1_sess3-epo.fif,left,N1,0.13,0.2,"O1,Oz,O2",-5.703728577603722
sub19,task1,3,clean_epochs_task1_ICA_sub19_llx1_sess3-epo.fif,right,N1,0.13,0.2,"O1,Oz,O2",-5.211132806272156
sub19,task1,3,clean_epochs_task1_ICA_sub19_llx1_sess3-epo.fif,correct_left,N1,0.13,0.2,"O1,Oz,O2",-5.669711238340677
sub19,task1,3,clean_epochs_task1_ICA_sub19_llx1_sess3-epo.fif,correct_right,N1,0.13,0.2,"O1,Oz,O2",-5.010694823527062
sub19,task1,3,clean_epochs_task1_ICA_sub19_llx1_sess3-epo.fif,error_left,N1,0.13,0.2,"O1,Oz,O2",-6.047681674596728
sub19,task1,3,clean_epochs_task1_ICA_sub19_llx1_sess3-epo.fif,error_right,N1,0.13,0.2,"O1,Oz,O2",-5.726544761902398
sub19,task1,4,clean_epochs_task1_ICA_sub19_llx1_sess4-epo.fif,correct,N1,0.13,0.2,"O1,Oz,O2",-4.870977444334587
sub19,task1,4,clean_epochs_task1_ICA_sub19_llx1_sess4-epo.fif,error,N1,0.13,0.2,"O1,Oz,O2",-5.759227093590133
sub19,task1,4,clean_epochs_task1_ICA_sub19_llx1_sess4-epo.fif,left,N1,0.13,0.2,"O1,Oz,O2",-4.733226870938473
sub19,task1,4,clean_epochs_task1_ICA_sub19_llx1_sess4-epo.fif,right,N1,0.13,0.2,"O1,Oz,O2",-5.236517421171529
sub19,task1,4,clean_epochs_task1_ICA_sub19_llx1_sess4-epo.fif,correct_left,N1,0.13,0.2,"O1,Oz,O2",-4.639082325223786
sub19,task1,4,clean_epochs_task1_ICA_sub19_llx1_sess4-epo.fif,correct_right,N1,0.13,0.2,"O1,Oz,O2",-5.097521137619755
sub19,task1,4,clean_epochs_task1_ICA_sub19_llx1_sess4-epo.fif,error_left,N1,0.13,0.2,"O1,Oz,O2",-5.5303173579894995
sub19,task1,4,clean_epochs_task1_ICA_sub19_llx1_sess4-epo.fif,error_right,N1,0.13,0.2,"O1,Oz,O2",-5.881857309090472
sub19,task1,1,clean_epochs_task1_ICA_sub19_llx1_sess1-epo.fif,correct,N1,0.13,0.2,"O1,Oz,O2",-4.359481238021531
sub19,task1,1,clean_epochs_task1_ICA_sub19_llx1_sess1-epo.fif,error,N1,0.13,0.2,"O1,Oz,O2",-3.824677123542009
sub19,task1,1,clean_epochs_task1_ICA_sub19_llx1_sess1-epo.fif,left,N1,0.13,0.2,"O1,Oz,O2",-3.6897544198795003
sub19,task1,1,clean_epochs_task1_ICA_sub19_llx1_sess1-epo.fif,right,N1,0.13,0.2,"O1,Oz,O2",-4.493739730010377
sub19,task1,1,clean_epochs_task1_ICA_sub19_llx1_sess1-epo.fif,correct_left,N1,0.13,0.2,"O1,Oz,O2",-3.579960158031748
sub19,task1,1,clean_epochs_task1_ICA_sub19_llx1_sess1-epo.fif,correct_right,N1,0.13,0.2,"O1,Oz,O2",-4.864523064493785
sub19,task1,1,clean_epochs_task1_ICA_sub19_llx1_sess1-epo.fif,error_left,N1,0.13,0.2,"O1,Oz,O2",-8.740290464876104
sub19,task1,1,clean_epochs_task1_ICA_sub19_llx1_sess1-epo.fif,error_right,N1,0.13,0.2,"O1,Oz,O2",-3.6710642066253194
sub19,task1,2,clean_epochs_task1_ICA_sub19_llx1_sess2-epo.fif,correct,N1,0.13,0.2,"O1,Oz,O2",-4.0486623410347375
sub19,task1,2,clean_epochs_task1_ICA_sub19_llx1_sess2-epo.fif,error,N1,0.13,0.2,"O1,Oz,O2",-3.9934216295131537
sub19,task1,2,clean_epochs_task1_ICA_sub19_llx1_sess2-epo.fif,left,N1,0.13,0.2,"O1,Oz,O2",-4.390879014688635
sub19,task1,2,clean_epochs_task1_ICA_sub19_llx1_sess2-epo.fif,right,N1,0.13,0.2,"O1,Oz,O2",-3.6687208259894164
sub19,task1,2,clean_epochs_task1_ICA_sub19_llx1_sess2-epo.fif,correct_left,N1,0.13,0.2,"O1,Oz,O2",-4.382326325639535
sub19,task1,2,clean_epochs_task1_ICA_sub19_llx1_sess2-epo.fif,correct_right,N1,0.13,0.2,"O1,Oz,O2",-3.639654876035307
sub19,task1,2,clean_epochs_task1_ICA_sub19_llx1_sess2-epo.fif,error_left,N1,0.13,0.2,"O1,Oz,O2",-4.715881198554448
sub19,task1,2,clean_epochs_task1_ICA_sub19_llx1_sess2-epo.fif,error_right,N1,0.13,0.2,"O1,Oz,O2",-3.848929715704896
sub20,task1,3,clean_epochs_task1_ICA_sub20_pyb1_sess3-epo.fif,correct,N1,0.13,0.2,"O1,Oz,O2",0.0777030882382575
sub20,task1,3,clean_epochs_task1_ICA_sub20_pyb1_sess3-epo.fif,error,N1,0.13,0.2,"O1,Oz,O2",-0.4381011982779348
sub20,task1,3,clean_epochs_task1_ICA_sub20_pyb1_sess3-epo.fif,left,N1,0.13,0.2,"O1,Oz,O2",-0.16849845670236122
sub20,task1,3,clean_epochs_task1_ICA_sub20_pyb1_sess3-epo.fif,right,N1,0.13,0.2,"O1,Oz,O2",0.18168767501828298
sub20,task1,3,clean_epochs_task1_ICA_sub20_pyb1_sess3-epo.fif,correct_left,N1,0.13,0.2,"O1,Oz,O2",-0.09235823590417508
sub20,task1,3,clean_epochs_task1_ICA_sub20_pyb1_sess3-epo.fif,correct_right,N1,0.13,0.2,"O1,Oz,O2",0.2585619567706857
sub20,task1,3,clean_epochs_task1_ICA_sub20_pyb1_sess3-epo.fif,error_left,N1,0.13,0.2,"O1,Oz,O2",-0.8972691414850004
sub20,task1,3,clean_epochs_task1_ICA_sub20_pyb1_sess3-epo.fif,error_right,N1,0.13,0.2,"O1,Oz,O2",-0.19085692116643801
sub20,task1,4,clean_epochs_task1_ICA_sub20_pyb1_sess4-epo.fif,correct,N1,0.13,0.2,"O1,Oz,O2",-0.6764802292366378
sub20,task1,4,clean_epochs_task1_ICA_sub20_pyb1_sess4-epo.fif,error,N1,0.13,0.2,"O1,Oz,O2",-0.09149269786907523
sub20,task1,4,clean_epochs_task1_ICA_sub20_pyb1_sess4-epo.fif,left,N1,0.13,0.2,"O1,Oz,O2",-0.4532726216239842
sub20,task1,4,clean_epochs_task1_ICA_sub20_pyb1_sess4-epo.fif,right,N1,0.13,0.2,"O1,Oz,O2",-0.6675057919690167
sub20,task1,4,clean_epochs_task1_ICA_sub20_pyb1_sess4-epo.fif,correct_left,N1,0.13,0.2,"O1,Oz,O2",-0.5515746856295801
sub20,task1,4,clean_epochs_task1_ICA_sub20_pyb1_sess4-epo.fif,correct_right,N1,0.13,0.2,"O1,Oz,O2",-0.8111609892998999
sub20,task1,4,clean_epochs_task1_ICA_sub20_pyb1_sess4-epo.fif,error_left,N1,0.13,0.2,"O1,Oz,O2",-0.04695742373418727
sub20,task1,4,clean_epochs_task1_ICA_sub20_pyb1_sess4-epo.fif,error_right,N1,0.13,0.2,"O1,Oz,O2",-0.13459135025767646
sub20,task1,1,clean_epochs_task1_ICA_sub20_pyb1_sess1-epo.fif,correct,N1,0.13,0.2,"O1,Oz,O2",-0.8460933233357343
sub20,task1,1,clean_epochs_task1_ICA_sub20_pyb1_sess1-epo.fif,error,N1,0.13,0.2,"O1,Oz,O2",-0.37397571418694336
sub20,task1,1,clean_epochs_task1_ICA_sub20_pyb1_sess1-epo.fif,left,N1,0.13,0.2,"O1,Oz,O2",-0.9085946135525267
sub20,task1,1,clean_epochs_task1_ICA_sub20_pyb1_sess1-epo.fif,right,N1,0.13,0.2,"O1,Oz,O2",-0.6765787083785493
sub20,task1,1,clean_epochs_task1_ICA_sub20_pyb1_sess1-epo.fif,correct_left,N1,0.13,0.2,"O1,Oz,O2",-0.9981975345667647
sub20,task1,1,clean_epochs_task1_ICA_sub20_pyb1_sess1-epo.fif,correct_right,N1,0.13,0.2,"O1,Oz,O2",-0.6869689177401944
sub20,task1,1,clean_epochs_task1_ICA_sub20_pyb1_sess1-epo.fif,error_left,N1,0.13,0.2,"O1,Oz,O2",-0.03816623798563972
sub20,task1,1,clean_epochs_task1_ICA_sub20_pyb1_sess1-epo.fif,error_right,N1,0.13,0.2,"O1,Oz,O2",-0.6090423475278559
sub20,task1,2,clean_epochs_task1_ICA_sub20_pyb1_sess2-epo.fif,correct,N1,0.13,0.2,"O1,Oz,O2",-0.7123354008114062
sub20,task1,2,clean_epochs_task1_ICA_sub20_pyb1_sess2-epo.fif,error,N1,0.13,0.2,"O1,Oz,O2",-0.3481272960729212
sub20,task1,2,clean_epochs_task1_ICA_sub20_pyb1_sess2-epo.fif,left,N1,0.13,0.2,"O1,Oz,O2",-0.47654673438843737
sub20,task1,2,clean_epochs_task1_ICA_sub20_pyb1_sess2-epo.fif,right,N1,0.13,0.2,"O1,Oz,O2",-0.787407207788422
sub20,task1,2,clean_epochs_task1_ICA_sub20_pyb1_sess2-epo.fif,correct_left,N1,0.13,0.2,"O1,Oz,O2",-0.4147899198526923
sub20,task1,2,clean_epochs_task1_ICA_sub20_pyb1_sess2-epo.fif,correct_right,N1,0.13,0.2,"O1,Oz,O2",-0.9588730850343408
sub20,task1,2,clean_epochs_task1_ICA_sub20_pyb1_sess2-epo.fif,error_left,N1,0.13,0.2,"O1,Oz,O2",-1.3720205451567404
sub20,task1,2,clean_epochs_task1_ICA_sub20_pyb1_sess2-epo.fif,error_right,N1,0.13,0.2,"O1,Oz,O2",-0.12059546294318353
sub21,task1,3,clean_epochs_task1_ICA_sub21_zfy1_sess3-epo.fif,correct,N1,0.13,0.2,"O1,Oz,O2",-1.5079478179650396
sub21,task1,3,clean_epochs_task1_ICA_sub21_zfy1_sess3-epo.fif,error,N1,0.13,0.2,"O1,Oz,O2",-0.5388084730578069
sub21,task1,3,clean_epochs_task1_ICA_sub21_zfy1_sess3-epo.fif,left,N1,0.13,0.2,"O1,Oz,O2",-1.9250043469745064
sub21,task1,3,clean_epochs_task1_ICA_sub21_zfy1_sess3-epo.fif,right,N1,0.13,0.2,"O1,Oz,O2",-0.6681077689478037
sub21,task1,3,clean_epochs_task1_ICA_sub21_zfy1_sess3-epo.fif,correct_left,N1,0.13,0.2,"O1,Oz,O2",-2.0521907569933076
sub21,task1,3,clean_epochs_task1_ICA_sub21_zfy1_sess3-epo.fif,correct_right,N1,0.13,0.2,"O1,Oz,O2",-1.0334796147096272
sub21,task1,3,clean_epochs_task1_ICA_sub21_zfy1_sess3-epo.fif,error_left,N1,0.13,0.2,"O1,Oz,O2",-1.5646428519212376
sub21,task1,3,clean_epochs_task1_ICA_sub21_zfy1_sess3-epo.fif,error_right,N1,0.13,0.2,"O1,Oz,O2",0.2818590300329378
sub21,task1,4,clean_epochs_task1_ICA_sub21_zfy1_sess4-epo.fif,correct,N1,0.13,0.2,"O1,Oz,O2",-1.1467929364222982
sub21,task1,4,clean_epochs_task1_ICA_sub21_zfy1_sess4-epo.fif,error,N1,0.13,0.2,"O1,Oz,O2",-1.875512625507308
sub21,task1,4,clean_epochs_task1_ICA_sub21_zfy1_sess4-epo.fif,left,N1,0.13,0.2,"O1,Oz,O2",-1.2313046677146455
sub21,task1,4,clean_epochs_task1_ICA_sub21_zfy1_sess4-epo.fif,right,N1,0.13,0.2,"O1,Oz,O2",-1.3101719912663206
sub21,task1,4,clean_epochs_task1_ICA_sub21_zfy1_sess4-epo.fif,correct_left,N1,0.13,0.2,"O1,Oz,O2",-1.2588689424853452
sub21,task1,4,clean_epochs_task1_ICA_sub21_zfy1_sess4-epo.fif,correct_right,N1,0.13,0.2,"O1,Oz,O2",-1.0400118597795531
sub21,task1,4,clean_epochs_task1_ICA_sub21_zfy1_sess4-epo.fif,error_left,N1,0.13,0.2,"O1,Oz,O2",-1.0645408053519143
sub21,task1,4,clean_epochs_task1_ICA_sub21_zfy1_sess4-epo.fif,error_right,N1,0.13,0.2,"O1,Oz,O2",-2.3823700131044294
sub21,task1,1,clean_epochs_task1_ICA_sub21_zfy1_sess1-epo.fif,correct,N1,0.13,0.2,"O1,Oz,O2",-3.854093281382528
sub21,task1,1,clean_epochs_task1_ICA_sub21_zfy1_sess1-epo.fif,error,N1,0.13,0.2,"O1,Oz,O2",-4.163253618689504
sub21,task1,1,clean_epochs_task1_ICA_sub21_zfy1_sess1-epo.fif,left,N1,0.13,0.2,"O1,Oz,O2",-3.629276275563937
sub21,task1,1,clean_epochs_task1_ICA_sub21_zfy1_sess1-epo.fif,right,N1,0.13,0.2,"O1,Oz,O2",-4.148986630324035
sub21,task1,1,clean_epochs_task1_ICA_sub21_zfy1_sess1-epo.fif,correct_left,N1,0.13,0.2,"O1,Oz,O2",-3.602994712807612
sub21,task1,1,clean_epochs_task1_ICA_sub21_zfy1_sess1-epo.fif,correct_right,N1,0.13,0.2,"O1,Oz,O2",-4.116781014660902
sub21,task1,1,clean_epochs_task1_ICA_sub21_zfy1_sess1-epo.fif,error_left,N1,0.13,0.2,"O1,Oz,O2",-3.884582885196801
sub21,task1,1,clean_epochs_task1_ICA_sub21_zfy1_sess1-epo.fif,error_right,N1,0.13,0.2,"O1,Oz,O2",-4.358323132134396
sub21,task1,2,clean_epochs_task1_ICA_sub21_zfy1_sess2-epo.fif,correct,N1,0.13,0.2,"O1,Oz,O2",-1.8162073991328764
sub21,task1,2,clean_epochs_task1_ICA_sub21_zfy1_sess2-epo.fif,error,N1,0.13,0.2,"O1,Oz,O2",-3.2570540037718834
sub21,task1,2,clean_epochs_task1_ICA_sub21_zfy1_sess2-epo.fif,left,N1,0.13,0.2,"O1,Oz,O2",-2.009770663748086
sub21,task1,2,clean_epochs_task1_ICA_sub21_zfy1_sess2-epo.fif,right,N1,0.13,0.2,"O1,Oz,O2",-2.137931295345122
sub21,task1,2,clean_epochs_task1_ICA_sub21_zfy1_sess2-epo.fif,correct_left,N1,0.13,0.2,"O1,Oz,O2",-2.082729299196487
sub21,task1,2,clean_epochs_task1_ICA_sub21_zfy1_sess2-epo.fif,correct_right,N1,0.13,0.2,"O1,Oz,O2",-1.507603093796064
sub21,task1,2,clean_epochs_task1_ICA_sub21_zfy1_sess2-epo.fif,error_left,N1,0.13,0.2,"O1,Oz,O2",-1.3218749580917293
sub21,task1,2,clean_epochs_task1_ICA_sub21_zfy1_sess2-epo.fif,error_right,N1,0.13,0.2,"O1,Oz,O2",-3.9343666697599367
sub22,task1,1,clean_epochs_task1_ICA_sub22_zzy1_sess1-epo.fif,correct,N1,0.13,0.2,"O1,Oz,O2",-3.566883996594437
sub22,task1,1,clean_epochs_task1_ICA_sub22_zzy1_sess1-epo.fif,error,N1,0.13,0.2,"O1,Oz,O2",-3.2255221829164284
sub22,task1,1,clean_epochs_task1_ICA_sub22_zzy1_sess1-epo.fif,left,N1,0.13,0.2,"O1,Oz,O2",-3.347921304067898
sub22,task1,1,clean_epochs_task1_ICA_sub22_zzy1_sess1-epo.fif,right,N1,0.13,0.2,"O1,Oz,O2",-3.663640246107258
sub22,task1,1,clean_epochs_task1_ICA_sub22_zzy1_sess1-epo.fif,correct_left,N1,0.13,0.2,"O1,Oz,O2",-3.3754610513126693
sub22,task1,1,clean_epochs_task1_ICA_sub22_zzy1_sess1-epo.fif,correct_right,N1,0.13,0.2,"O1,Oz,O2",-3.7613944087355895
sub22,task1,1,clean_epochs_task1_ICA_sub22_zzy1_sess1-epo.fif,error_left,N1,0.13,0.2,"O1,Oz,O2",-3.1744208964258416
sub22,task1,1,clean_epochs_task1_ICA_sub22_zzy1_sess1-epo.fif,error_right,N1,0.13,0.2,"O1,Oz,O2",-3.2595897072434856
sub22,task1,2,clean_epochs_task1_ICA_sub22_zzy1_sess2-epo.fif,correct,N1,0.13,0.2,"O1,Oz,O2",-1.6327904390437913
sub22,task1,2,clean_epochs_task1_ICA_sub22_zzy1_sess2-epo.fif,error,N1,0.13,0.2,"O1,Oz,O2",-3.1828465463833533
sub22,task1,2,clean_epochs_task1_ICA_sub22_zzy1_sess2-epo.fif,left,N1,0.13,0.2,"O1,Oz,O2",-1.4711087889344314
sub22,task1,2,clean_epochs_task1_ICA_sub22_zzy1_sess2-epo.fif,right,N1,0.13,0.2,"O1,Oz,O2",-2.2237016179483002
sub22,task1,2,clean_epochs_task1_ICA_sub22_zzy1_sess2-epo.fif,correct_left,N1,0.13,0.2,"O1,Oz,O2",-1.2959219328797595
sub22,task1,2,clean_epochs_task1_ICA_sub22_zzy1_sess2-epo.fif,correct_right,N1,0.13,0.2,"O1,Oz,O2",-2.1505698096292467
sub22,task1,2,clean_epochs_task1_ICA_sub22_zzy1_sess2-epo.fif,error_left,N1,0.13,0.2,"O1,Oz,O2",-3.2886724205016513
sub22,task1,2,clean_epochs_task1_ICA_sub22_zzy1_sess2-epo.fif,error_right,N1,0.13,0.2,"O1,Oz,O2",-3.0135251477940765
sub22,task1,3,clean_epochs_task1_ICA_sub22_zzy1_sess3-epo.fif,correct,N1,0.13,0.2,"O1,Oz,O2",-0.8184380127464416
sub22,task1,3,clean_epochs_task1_ICA_sub22_zzy1_sess3-epo.fif,error,N1,0.13,0.2,"O1,Oz,O2",-1.8091561604304398
sub22,task1,3,clean_epochs_task1_ICA_sub22_zzy1_sess3-epo.fif,left,N1,0.13,0.2,"O1,Oz,O2",-0.8340494051160694
sub22,task1,3,clean_epochs_task1_ICA_sub22_zzy1_sess3-epo.fif,right,N1,0.13,0.2,"O1,Oz,O2",-1.0818620396146468
sub22,task1,3,clean_epochs_task1_ICA_sub22_zzy1_sess3-epo.fif,correct_left,N1,0.13,0.2,"O1,Oz,O2",-0.5492043050818881
sub22,task1,3,clean_epochs_task1_ICA_sub22_zzy1_sess3-epo.fif,correct_right,N1,0.13,0.2,"O1,Oz,O2",-1.0288953476109868
sub22,task1,3,clean_epochs_task1_ICA_sub22_zzy1_sess3-epo.fif,error_left,N1,0.13,0.2,"O1,Oz,O2",-2.4149397103057755
sub22,task1,3,clean_epochs_task1_ICA_sub22_zzy1_sess3-epo.fif,error_right,N1,0.13,0.2,"O1,Oz,O2",-1.360427604967229
sub22,task1,4,clean_epochs_task1_ICA_sub22_zzy1_sess4-epo.fif,correct,N1,0.13,0.2,"O1,Oz,O2",-1.1354504369084115
sub22,task1,4,clean_epochs_task1_ICA_sub22_zzy1_sess4-epo.fif,error,N1,0.13,0.2,"O1,Oz,O2",-0.7597073622558204
sub22,task1,4,clean_epochs_task1_ICA_sub22_zzy1_sess4-epo.fif,left,N1,0.13,0.2,"O1,Oz,O2",-1.183714377769354
sub22,task1,4,clean_epochs_task1_ICA_sub22_zzy1_sess4-epo.fif,right,N1,0.13,0.2,"O1,Oz,O2",-0.6930156538156035
sub22,task1,4,clean_epochs_task1_ICA_sub22_zzy1_sess4-epo.fif,correct_left,N1,0.13,0.2,"O1,Oz,O2",-1.3032131610502515
sub22,task1,4,clean_epochs_task1_ICA_sub22_zzy1_sess4-epo.fif,correct_right,N1,0.13,0.2,"O1,Oz,O2",-0.7953287496071462
sub22,task1,4,clean_epochs_task1_ICA_sub22_zzy1_sess4-epo.fif,error_left,N1,0.13,0.2,"O1,Oz,O2",-0.89845921767947
sub22,task1,4,clean_epochs_task1_ICA_sub22_zzy1_sess4-epo.fif,error_right,N1,0.13,0.2,"O1,Oz,O2",-0.25367118365192126
sub24,task1,1,clean_epochs_task1_ICA_sub24_czy1_sess1-epo.fif,correct,N1,0.13,0.2,"O1,Oz,O2",-9.20949065565748
sub24,task1,1,clean_epochs_task1_ICA_sub24_czy1_sess1-epo.fif,error,N1,0.13,0.2,"O1,Oz,O2",-8.596193235833743
sub24,task1,1,clean_epochs_task1_ICA_sub24_czy1_sess1-epo.fif,left,N1,0.13,0.2,"O1,Oz,O2",-8.158512168081733
sub24,task1,1,clean_epochs_task1_ICA_sub24_czy1_sess1-epo.fif,right,N1,0.13,0.2,"O1,Oz,O2",-9.770759697639782
sub24,task1,1,clean_epochs_task1_ICA_sub24_czy1_sess1-epo.fif,correct_left,N1,0.13,0.2,"O1,Oz,O2",-8.985810302887325
sub24,task1,1,clean_epochs_task1_ICA_sub24_czy1_sess1-epo.fif,correct_right,N1,0.13,0.2,"O1,Oz,O2",-9.433171008427635
sub24,task1,1,clean_epochs_task1_ICA_sub24_czy1_sess1-epo.fif,error_left,N1,0.13,0.2,"O1,Oz,O2",-6.396007446104595
sub24,task1,1,clean_epochs_task1_ICA_sub24_czy1_sess1-epo.fif,error_right,N1,0.13,0.2,"O1,Oz,O2",-10.341168172515475
sub24,task1,2,clean_epochs_task1_ICA_sub24_czy1_sess2-epo.fif,correct,N1,0.13,0.2,"O1,Oz,O2",-11.373327410274062
sub24,task1,2,clean_epochs_task1_ICA_sub24_czy1_sess2-epo.fif,error,N1,0.13,0.2,"O1,Oz,O2",-11.689974997410815
sub24,task1,2,clean_epochs_task1_ICA_sub24_czy1_sess2-epo.fif,left,N1,0.13,0.2,"O1,Oz,O2",-11.953578473949207
sub24,task1,2,clean_epochs_task1_ICA_sub24_czy1_sess2-epo.fif,right,N1,0.13,0.2,"O1,Oz,O2",-11.019195441823259
sub24,task1,2,clean_epochs_task1_ICA_sub24_czy1_sess2-epo.fif,correct_left,N1,0.13,0.2,"O1,Oz,O2",-11.690458992555797
sub24,task1,2,clean_epochs_task1_ICA_sub24_czy1_sess2-epo.fif,correct_right,N1,0.13,0.2,"O1,Oz,O2",-11.080971732858083
sub24,task1,2,clean_epochs_task1_ICA_sub24_czy1_sess2-epo.fif,error_left,N1,0.13,0.2,"O1,Oz,O2",-14.171299817122218
sub24,task1,2,clean_epochs_task1_ICA_sub24_czy1_sess2-epo.fif,error_right,N1,0.13,0.2,"O1,Oz,O2",-10.821511310511822
sub24,task1,3,clean_epochs_task1_ICA_sub24_czy1_sess3-epo.fif,correct,N1,0.13,0.2,"O1,Oz,O2",-5.729689732337666
sub24,task1,3,clean_epochs_task1_ICA_sub24_czy1_sess3-epo.fif,error,N1,0.13,0.2,"O1,Oz,O2",-7.241394514151856
sub24,task1,3,clean_epochs_task1_ICA_sub24_czy1_sess3-epo.fif,left,N1,0.13,0.2,"O1,Oz,O2",-6.170917626114049
sub24,task1,3,clean_epochs_task1_ICA_sub24_czy1_sess3-epo.fif,right,N1,0.13,0.2,"O1,Oz,O2",-5.918434627313527
sub24,task1,3,clean_epochs_task1_ICA_sub24_czy1_sess3-epo.fif,correct_left,N1,0.13,0.2,"O1,Oz,O2",-5.836311903552839
sub24,task1,3,clean_epochs_task1_ICA_sub24_czy1_sess3-epo.fif,correct_right,N1,0.13,0.2,"O1,Oz,O2",-5.646587157714071
sub24,task1,3,clean_epochs_task1_ICA_sub24_czy1_sess3-epo.fif,error_left,N1,0.13,0.2,"O1,Oz,O2",-8.257282719731002
sub24,task1,3,clean_epochs_task1_ICA_sub24_czy1_sess3-epo.fif,error_right,N1,0.13,0.2,"O1,Oz,O2",-6.820172575253186
sub25,task1,3,clean_epochs_task1_ICA_sub25_cjb1_sess3-epo.fif,correct,N1,0.13,0.2,"O1,Oz,O2",-5.617872478693349
sub25,task1,3,clean_epochs_task1_ICA_sub25_cjb1_sess3-epo.fif,error,N1,0.13,0.2,"O1,Oz,O2",-6.4854458754622835
sub25,task1,3,clean_epochs_task1_ICA_sub25_cjb1_sess3-epo.fif,left,N1,0.13,0.2,"O1,Oz,O2",-5.87077555714095
sub25,task1,3,clean_epochs_task1_ICA_sub25_cjb1_sess3-epo.fif,right,N1,0.13,0.2,"O1,Oz,O2",-5.6924303720741545
sub25,task1,3,clean_epochs_task1_ICA_sub25_cjb1_sess3-epo.fif,correct_left,N1,0.13,0.2,"O1,Oz,O2",-5.714191057166405
sub25,task1,3,clean_epochs_task1_ICA_sub25_cjb1_sess3-epo.fif,correct_right,N1,0.13,0.2,"O1,Oz,O2",-5.519961857600904
sub25,task1,3,clean_epochs_task1_ICA_sub25_cjb1_sess3-epo.fif,error_left,N1,0.13,0.2,"O1,Oz,O2",-6.673271119510492
sub25,task1,3,clean_epochs_task1_ICA_sub25_cjb1_sess3-epo.fif,error_right,N1,0.13,0.2,"O1,Oz,O2",-6.344576942426128
sub25,task1,4,clean_epochs_task1_ICA_sub25_cjb1_sess4-epo.fif,correct,N1,0.13,0.2,"O1,Oz,O2",-5.846745046660791
sub25,task1,4,clean_epochs_task1_ICA_sub25_cjb1_sess4-epo.fif,error,N1,0.13,0.2,"O1,Oz,O2",-5.6633514419714155
sub25,task1,4,clean_epochs_task1_ICA_sub25_cjb1_sess4-epo.fif,left,N1,0.13,0.2,"O1,Oz,O2",-5.950305792104191
sub25,task1,4,clean_epochs_task1_ICA_sub25_cjb1_sess4-epo.fif,right,N1,0.13,0.2,"O1,Oz,O2",-5.705311146603165
sub25,task1,4,clean_epochs_task1_ICA_sub25_cjb1_sess4-epo.fif,correct_left,N1,0.13,0.2,"O1,Oz,O2",-5.8842023510169605
sub25,task1,4,clean_epochs_task1_ICA_sub25_cjb1_sess4-epo.fif,correct_right,N1,0.13,0.2,"O1,Oz,O2",-5.808402924091487
sub25,task1,4,clean_epochs_task1_ICA_sub25_cjb1_sess4-epo.fif,error_left,N1,0.13,0.2,"O1,Oz,O2",-6.731528277680567
sub25,task1,4,clean_epochs_task1_ICA_sub25_cjb1_sess4-epo.fif,error_right,N1,0.13,0.2,"O1,Oz,O2",-5.296165654696394
sub25,task1,1,clean_epochs_task1_ICA_sub25_cjb1_sess1-epo.fif,correct,N1,0.13,0.2,"O1,Oz,O2",-4.225097227444412
sub25,task1,1,clean_epochs_task1_ICA_sub25_cjb1_sess1-epo.fif,error,N1,0.13,0.2,"O1,Oz,O2",-4.154146832124844
sub25,task1,1,clean_epochs_task1_ICA_sub25_cjb1_sess1-epo.fif,left,N1,0.13,0.2,"O1,Oz,O2",-4.150348613383027
sub25,task1,1,clean_epochs_task1_ICA_sub25_cjb1_sess1-epo.fif,right,N1,0.13,0.2,"O1,Oz,O2",-4.300881719344474
sub25,task1,1,clean_epochs_task1_ICA_sub25_cjb1_sess1-epo.fif,correct_left,N1,0.13,0.2,"O1,Oz,O2",-4.09647149516662
sub25,task1,1,clean_epochs_task1_ICA_sub25_cjb1_sess1-epo.fif,correct_right,N1,0.13,0.2,"O1,Oz,O2",-4.3794481061777635
sub25,task1,1,clean_epochs_task1_ICA_sub25_cjb1_sess1-epo.fif,error_left,N1,0.13,0.2,"O1,Oz,O2",-4.47361132268147
sub25,task1,1,clean_epochs_task1_ICA_sub25_cjb1_sess1-epo.fif,error_right,N1,0.13,0.2,"O1,Oz,O2",-3.515217851011588
sub25,task1,2,clean_epochs_task1_ICA_sub25_cjb1_sess2-epo.fif,correct,N1,0.13,0.2,"O1,Oz,O2",-2.8480686589617226
sub25,task1,2,clean_epochs_task1_ICA_sub25_cjb1_sess2-epo.fif,error,N1,0.13,0.2,"O1,Oz,O2",-5.0702798877409565
sub25,task1,2,clean_epochs_task1_ICA_sub25_cjb1_sess2-epo.fif,left,N1,0.13,0.2,"O1,Oz,O2",-2.6993958049741016
sub25,task1,2,clean_epochs_task1_ICA_sub25_cjb1_sess2-epo.fif,right,N1,0.13,0.2,"O1,Oz,O2",-3.093733374761579
sub25,task1,2,clean_epochs_task1_ICA_sub25_cjb1_sess2-epo.fif,correct_left,N1,0.13,0.2,"O1,Oz,O2",-2.480725313562766
sub25,task1,2,clean_epochs_task1_ICA_sub25_cjb1_sess2-epo.fif,correct_right,N1,0.13,0.2,"O1,Oz,O2",-3.057979142046841
sub25,task1,2,clean_epochs_task1_ICA_sub25_cjb1_sess2-epo.fif,error_left,N1,0.13,0.2,"O1,Oz,O2",-8.384828581668812
sub25,task1,2,clean_epochs_task1_ICA_sub25_cjb1_sess2-epo.fif,error_right,N1,0.13,0.2,"O1,Oz,O2",-3.7444604101698133
sub26,task1,3,clean_epochs_task1_ICA_sub26_pzq1_sess3-epo.fif,correct,N1,0.13,0.2,"O1,Oz,O2",-3.7611524832890777
sub26,task1,3,clean_epochs_task1_ICA_sub26_pzq1_sess3-epo.fif,error,N1,0.13,0.2,"O1,Oz,O2",-2.7067659065522407
sub26,task1,3,clean_epochs_task1_ICA_sub26_pzq1_sess3-epo.fif,left,N1,0.13,0.2,"O1,Oz,O2",-3.9701806990338357
sub26,task1,3,clean_epochs_task1_ICA_sub26_pzq1_sess3-epo.fif,right,N1,0.13,0.2,"O1,Oz,O2",-3.4003250596880723
sub26,task1,3,clean_epochs_task1_ICA_sub26_pzq1_sess3-epo.fif,correct_left,N1,0.13,0.2,"O1,Oz,O2",-4.063817239795973
sub26,task1,3,clean_epochs_task1_ICA_sub26_pzq1_sess3-epo.fif,correct_right,N1,0.13,0.2,"O1,Oz,O2",-3.4860027046464457
sub26,task1,3,clean_epochs_task1_ICA_sub26_pzq1_sess3-epo.fif,error_left,N1,0.13,0.2,"O1,Oz,O2",-2.7529056691260765
sub26,task1,3,clean_epochs_task1_ICA_sub26_pzq1_sess3-epo.fif,error_right,N1,0.13,0.2,"O1,Oz,O2",-2.6796248697441025
sub26,task1,4,clean_epochs_task1_ICA_sub26_pzq1_sess4-epo.fif,correct,N1,0.13,0.2,"O1,Oz,O2",-4.795998399206197
sub26,task1,4,clean_epochs_task1_ICA_sub26_pzq1_sess4-epo.fif,error,N1,0.13,0.2,"O1,Oz,O2",-4.579315685325175
sub26,task1,4,clean_epochs_task1_ICA_sub26_pzq1_sess4-epo.fif,left,N1,0.13,0.2,"O1,Oz,O2",-4.818443145589744
sub26,task1,4,clean_epochs_task1_ICA_sub26_pzq1_sess4-epo.fif,right,N1,0.13,0.2,"O1,Oz,O2",-4.720756494406551
sub26,task1,4,clean_epochs_task1_ICA_sub26_pzq1_sess4-epo.fif,correct_left,N1,0.13,0.2,"O1,Oz,O2",-4.917656297619608
sub26,task1,4,clean_epochs_task1_ICA_sub26_pzq1_sess4-epo.fif,correct_right,N1,0.13,0.2,"O1,Oz,O2",-4.690734118309484
sub26,task1,4,clean_epochs_task1_ICA_sub26_pzq1_sess4-epo.fif,error_left,N1,0.13,0.2,"O1,Oz,O2",-4.370146680862205
sub26,task1,4,clean_epochs_task1_ICA_sub26_pzq1_sess4-epo.fif,error_right,N1,0.13,0.2,"O1,Oz,O2",-5.144071997375191
sub26,task1,1,clean_epochs_task1_ICA_sub26_pzq1_sess1-epo.fif,correct,N1,0.13,0.2,"O1,Oz,O2",-5.3568138403218875
sub26,task1,1,clean_epochs_task1_ICA_sub26_pzq1_sess1-epo.fif,error,N1,0.13,0.2,"O1,Oz,O2",-5.531736582967268
sub26,task1,1,clean_epochs_task1_ICA_sub26_pzq1_sess1-epo.fif,left,N1,0.13,0.2,"O1,Oz,O2",-5.2153864630717655
sub26,task1,1,clean_epochs_task1_ICA_sub26_pzq1_sess1-epo.fif,right,N1,0.13,0.2,"O1,Oz,O2",-5.52583061283942
sub26,task1,1,clean_epochs_task1_ICA_sub26_pzq1_sess1-epo.fif,correct_left,N1,0.13,0.2,"O1,Oz,O2",-5.0525550849239895
sub26,task1,1,clean_epochs_task1_ICA_sub26_pzq1_sess1-epo.fif,correct_right,N1,0.13,0.2,"O1,Oz,O2",-5.591242717431741
sub26,task1,1,clean_epochs_task1_ICA_sub26_pzq1_sess1-epo.fif,error_left,N1,0.13,0.2,"O1,Oz,O2",-5.911120533339531
sub26,task1,1,clean_epochs_task1_ICA_sub26_pzq1_sess1-epo.fif,error_right,N1,0.13,0.2,"O1,Oz,O2",-5.397116471544852
sub26,task1,2,clean_epochs_task1_ICA_sub26_pzq1_sess2-epo.fif,correct,N1,0.13,0.2,"O1,Oz,O2",-4.656427141462408
sub26,task1,2,clean_epochs_task1_ICA_sub26_pzq1_sess2-epo.fif,error,N1,0.13,0.2,"O1,Oz,O2",-4.8737482513709365
sub26,task1,2,clean_epochs_task1_ICA_sub26_pzq1_sess2-epo.fif,left,N1,0.13,0.2,"O1,Oz,O2",-5.10300731366136
sub26,task1,2,clean_epochs_task1_ICA_sub26_pzq1_sess2-epo.fif,right,N1,0.13,0.2,"O1,Oz,O2",-4.232998929888136
sub26,task1,2,clean_epochs_task1_ICA_sub26_pzq1_sess2-epo.fif,correct_left,N1,0.13,0.2,"O1,Oz,O2",-4.984982642643374
sub26,task1,2,clean_epochs_task1_ICA_sub26_pzq1_sess2-epo.fif,correct_right,N1,0.13,0.2,"O1,Oz,O2",-4.2610467925836195
sub26,task1,2,clean_epochs_task1_ICA_sub26_pzq1_sess2-epo.fif,error_left,N1,0.13,0.2,"O1,Oz,O2",-6.300114691129497
sub26,task1,2,clean_epochs_task1_ICA_sub26_pzq1_sess2-epo.fif,error_right,N1,0.13,0.2,"O1,Oz,O2",-4.105704783808635
sub27,task1,3,clean_epochs_task1_ICA_sub27_lyj1_sess3-epo.fif,correct,N1,0.13,0.2,"O1,Oz,O2",-9.6323835720076
sub27,task1,3,clean_epochs_task1_ICA_sub27_lyj1_sess3-epo.fif,error,N1,0.13,0.2,"O1,Oz,O2",-9.009013043877554
sub27,task1,3,clean_epochs_task1_ICA_sub27_lyj1_sess3-epo.fif,left,N1,0.13,0.2,"O1,Oz,O2",-9.943604329121616
sub27,task1,3,clean_epochs_task1_ICA_sub27_lyj1_sess3-epo.fif,right,N1,0.13,0.2,"O1,Oz,O2",-9.107605802438623
sub27,task1,3,clean_epochs_task1_ICA_sub27_lyj1_sess3-epo.fif,correct_left,N1,0.13,0.2,"O1,Oz,O2",-10.006433707656829
sub27,task1,3,clean_epochs_task1_ICA_sub27_lyj1_sess3-epo.fif,correct_right,N1,0.13,0.2,"O1,Oz,O2",-9.221840740197468
sub27,task1,3,clean_epochs_task1_ICA_sub27_lyj1_sess3-epo.fif,error_left,N1,0.13,0.2,"O1,Oz,O2",-9.558060415382831
sub27,task1,3,clean_epochs_task1_ICA_sub27_lyj1_sess3-epo.fif,error_right,N1,0.13,0.2,"O1,Oz,O2",-8.405060935221748
sub27,task1,4,clean_epochs_task1_ICA_sub27_lyj1_sess4-epo.fif,correct,N1,0.13,0.2,"O1,Oz,O2",-6.328048706394034
sub27,task1,4,clean_epochs_task1_ICA_sub27_lyj1_sess4-epo.fif,error,N1,0.13,0.2,"O1,Oz,O2",-5.77987013506819
sub27,task1,4,clean_epochs_task1_ICA_sub27_lyj1_sess4-epo.fif,left,N1,0.13,0.2,"O1,Oz,O2",-6.062570475089319
sub27,task1,4,clean_epochs_task1_ICA_sub27_lyj1_sess4-epo.fif,right,N1,0.13,0.2,"O1,Oz,O2",-6.415505781393418
sub27,task1,4,clean_epochs_task1_ICA_sub27_lyj1_sess4-epo.fif,correct_left,N1,0.13,0.2,"O1,Oz,O2",-6.354785395388709
sub27,task1,4,clean_epochs_task1_ICA_sub27_lyj1_sess4-epo.fif,correct_right,N1,0.13,0.2,"O1,Oz,O2",-6.269979959983722
sub27,task1,4,clean_epochs_task1_ICA_sub27_lyj1_sess4-epo.fif,error_left,N1,0.13,0.2,"O1,Oz,O2",-5.590269615535655
sub27,task1,4,clean_epochs_task1_ICA_sub27_lyj1_sess4-epo.fif,error_right,N1,0.13,0.2,"O1,Oz,O2",-7.262201469595296
sub27,task1,1,clean_epochs_task1_ICA_sub27_lyj1_sess1-epo.fif,correct,N1,0.13,0.2,"O1,Oz,O2",-9.9829954555783
sub27,task1,1,clean_epochs_task1_ICA_sub27_lyj1_sess1-epo.fif,error,N1,0.13,0.2,"O1,Oz,O2",-9.794616069177627
sub27,task1,1,clean_epochs_task1_ICA_sub27_lyj1_sess1-epo.fif,left,N1,0.13,0.2,"O1,Oz,O2",-10.119582942351911
sub27,task1,1,clean_epochs_task1_ICA_sub27_lyj1_sess1-epo.fif,right,N1,0.13,0.2,"O1,Oz,O2",-9.825215614982845
sub27,task1,1,clean_epochs_task1_ICA_sub27_lyj1_sess1-epo.fif,correct_left,N1,0.13,0.2,"O1,Oz,O2",-10.136500506743774
sub27,task1,1,clean_epochs_task1_ICA_sub27_lyj1_sess1-epo.fif,correct_right,N1,0.13,0.2,"O1,Oz,O2",-9.825040982639909
sub27,task1,1,clean_epochs_task1_ICA_sub27_lyj1_sess1-epo.fif,error_left,N1,0.13,0.2,"O1,Oz,O2",-9.719200585077832
sub27,task1,1,clean_epochs_task1_ICA_sub27_lyj1_sess1-epo.fif,error_right,N1,0.13,0.2,"O1,Oz,O2",-9.826936990934678
sub27,task1,2,clean_epochs_task1_ICA_sub27_lyj1_sess2-epo.fif,correct,N1,0.13,0.2,"O1,Oz,O2",-5.828118108754594
sub27,task1,2,clean_epochs_task1_ICA_sub27_lyj1_sess2-epo.fif,error,N1,0.13,0.2,"O1,Oz,O2",-6.1707579363796965
sub27,task1,2,clean_epochs_task1_ICA_sub27_lyj1_sess2-epo.fif,left,N1,0.13,0.2,"O1,Oz,O2",-5.227617554314991
sub27,task1,2,clean_epochs_task1_ICA_sub27_lyj1_sess2-epo.fif,right,N1,0.13,0.2,"O1,Oz,O2",-6.367879523122207
sub27,task1,2,clean_epochs_task1_ICA_sub27_lyj1_sess2-epo.fif,correct_left,N1,0.13,0.2,"O1,Oz,O2",-5.403074556962559
sub27,task1,2,clean_epochs_task1_ICA_sub27_lyj1_sess2-epo.fif,correct_right,N1,0.13,0.2,"O1,Oz,O2",-6.186049520789994
sub27,task1,2,clean_epochs_task1_ICA_sub27_lyj1_sess2-epo.fif,error_left,N1,0.13,0.2,"O1,Oz,O2",-2.420305511953891
sub27,task1,2,clean_epochs_task1_ICA_sub27_lyj1_sess2-epo.fif,error_right,N1,0.13,0.2,"O1,Oz,O2",-8.671059552663566
sub28,task1,1,clean_epochs_task1_ICA_sub28_hbf1_sess1-epo.fif,correct,N1,0.13,0.2,"O1,Oz,O2",-2.1013423068490775
sub28,task1,1,clean_epochs_task1_ICA_sub28_hbf1_sess1-epo.fif,error,N1,0.13,0.2,"O1,Oz,O2",-2.496480302656743
sub28,task1,1,clean_epochs_task1_ICA_sub28_hbf1_sess1-epo.fif,left,N1,0.13,0.2,"O1,Oz,O2",-2.8959155519562043
sub28,task1,1,clean_epochs_task1_ICA_sub28_hbf1_sess1-epo.fif,right,N1,0.13,0.2,"O1,Oz,O2",-1.577353077767736
sub28,task1,1,clean_epochs_task1_ICA_sub28_hbf1_sess1-epo.fif,correct_left,N1,0.13,0.2,"O1,Oz,O2",-2.7092639259684383
sub28,task1,1,clean_epochs_task1_ICA_sub28_hbf1_sess1-epo.fif,correct_right,N1,0.13,0.2,"O1,Oz,O2",-1.5320188857690409
sub28,task1,1,clean_epochs_task1_ICA_sub28_hbf1_sess1-epo.fif,error_left,N1,0.13,0.2,"O1,Oz,O2",-4.119520655653781
sub28,task1,1,clean_epochs_task1_ICA_sub28_hbf1_sess1-epo.fif,error_right,N1,0.13,0.2,"O1,Oz,O2",-1.7276717143949885
sub28,task1,2,clean_epochs_task1_ICA_sub28_hbf1_sess2-epo.fif,correct,N1,0.13,0.2,"O1,Oz,O2",-2.6553426030014546
sub28,task1,2,clean_epochs_task1_ICA_sub28_hbf1_sess2-epo.fif,error,N1,0.13,0.2,"O1,Oz,O2",-3.7530338212515857
sub28,task1,2,clean_epochs_task1_ICA_sub28_hbf1_sess2-epo.fif,left,N1,0.13,0.2,"O1,Oz,O2",-3.4777086043318675
sub28,task1,2,clean_epochs_task1_ICA_sub28_hbf1_sess2-epo.fif,right,N1,0.13,0.2,"O1,Oz,O2",-1.71451125920587
sub28,task1,2,clean_epochs_task1_ICA_sub28_hbf1_sess2-epo.fif,correct_left,N1,0.13,0.2,"O1,Oz,O2",-3.3687158236608687
sub28,task1,2,clean_epochs_task1_ICA_sub28_hbf1_sess2-epo.fif,correct_right,N1,0.13,0.2,"O1,Oz,O2",-1.63067924969066
sub28,task1,2,clean_epochs_task1_ICA_sub28_hbf1_sess2-epo.fif,error_left,N1,0.13,0.2,"O1,Oz,O2",-4.260474938241769
sub28,task1,2,clean_epochs_task1_ICA_sub28_hbf1_sess2-epo.fif,error_right,N1,0.13,0.2,"O1,Oz,O2",-2.6366633638731813
sub28,task1,3,clean_epochs_task1_ICA_sub28_hbf1_sess3-epo.fif,correct,N1,0.13,0.2,"O1,Oz,O2",-2.8430410289173156
sub28,task1,3,clean_epochs_task1_ICA_sub28_hbf1_sess3-epo.fif,error,N1,0.13,0.2,"O1,Oz,O2",-1.9136544678109735
sub28,task1,3,clean_epochs_task1_ICA_sub28_hbf1_sess3-epo.fif,left,N1,0.13,0.2,"O1,Oz,O2",-2.5915417406212606
sub28,task1,3,clean_epochs_task1_ICA_sub28_hbf1_sess3-epo.fif,right,N1,0.13,0.2,"O1,Oz,O2",-2.78407882011713
sub28,task1,3,clean_epochs_task1_ICA_sub28_hbf1_sess3-epo.fif,correct_left,N1,0.13,0.2,"O1,Oz,O2",-2.646871505022988
sub28,task1,3,clean_epochs_task1_ICA_sub28_hbf1_sess3-epo.fif,correct_right,N1,0.13,0.2,"O1,Oz,O2",-3.0172512777488443
sub28,task1,3,clean_epochs_task1_ICA_sub28_hbf1_sess3-epo.fif,error_left,N1,0.13,0.2,"O1,Oz,O2",-2.1800266178834096
sub28,task1,3,clean_epochs_task1_ICA_sub28_hbf1_sess3-epo.fif,error_right,N1,0.13,0.2,"O1,Oz,O2",-1.7761720677735875
sub28,task1,4,clean_epochs_task1_ICA_sub28_hbf1_sess4-epo.fif,correct,N1,0.13,0.2,"O1,Oz,O2",-3.680661356650185
sub28,task1,4,clean_epochs_task1_ICA_sub28_hbf1_sess4-epo.fif,error,N1,0.13,0.2,"O1,Oz,O2",-3.618725615583101
sub28,task1,4,clean_epochs_task1_ICA_sub28_hbf1_sess4-epo.fif,left,N1,0.13,0.2,"O1,Oz,O2",-3.4164304288322587
sub28,task1,4,clean_epochs_task1_ICA_sub28_hbf1_sess4-epo.fif,right,N1,0.13,0.2,"O1,Oz,O2",-4.104590484049766
sub28,task1,4,clean_epochs_task1_ICA_sub28_hbf1_sess4-epo.fif,correct_left,N1,0.13,0.2,"O1,Oz,O2",-3.5893346959874513
sub28,task1,4,clean_epochs_task1_ICA_sub28_hbf1_sess4-epo.fif,correct_right,N1,0.13,0.2,"O1,Oz,O2",-3.8249800302900616
sub28,task1,4,clean_epochs_task1_ICA_sub28_hbf1_sess4-epo.fif,error_left,N1,0.13,0.2,"O1,Oz,O2",-3.075942025818957
sub28,task1,4,clean_epochs_task1_ICA_sub28_hbf1_sess4-epo.fif,error_right,N1,0.13,0.2,"O1,Oz,O2",-4.975684589993461
sub18,task2,3,clean_epochs_task2_ICA_sub18_clr1_sess3-epo.fif,correct,N1,0.13,0.2,"O1,Oz,O2",-7.03940424460288
sub18,task2,3,clean_epochs_task2_ICA_sub18_clr1_sess3-epo.fif,error,N1,0.13,0.2,"O1,Oz,O2",-8.17197659309459
sub18,task2,3,clean_epochs_task2_ICA_sub18_clr1_sess3-epo.fif,left,N1,0.13,0.2,"O1,Oz,O2",-6.863958865541691
sub18,task2,3,clean_epochs_task2_ICA_sub18_clr1_sess3-epo.fif,right,N1,0.13,0.2,"O1,Oz,O2",-7.111353170766251
sub18,task2,3,clean_epochs_task2_ICA_sub18_clr1_sess3-epo.fif,correct_left,N1,0.13,0.2,"O1,Oz,O2",-6.128563340705425
sub18,task2,3,clean_epochs_task2_ICA_sub18_clr1_sess3-epo.fif,correct_right,N1,0.13,0.2,"O1,Oz,O2",-7.076104793844169
sub18,task2,3,clean_epochs_task2_ICA_sub18_clr1_sess3-epo.fif,error_left,N1,0.13,0.2,"O1,Oz,O2",-9.560409123274665
sub18,task2,3,clean_epochs_task2_ICA_sub18_clr1_sess3-epo.fif,error_right,N1,0.13,0.2,"O1,Oz,O2",-7.851569086129957
sub18,task2,4,clean_epochs_task2_ICA_sub18_clr1_sess4-epo.fif,correct,N1,0.13,0.2,"O1,Oz,O2",-4.912476531417149
sub18,task2,4,clean_epochs_task2_ICA_sub18_clr1_sess4-epo.fif,error,N1,0.13,0.2,"O1,Oz,O2",-5.439281695220909
sub18,task2,4,clean_epochs_task2_ICA_sub18_clr1_sess4-epo.fif,left,N1,0.13,0.2,"O1,Oz,O2",-5.519352557148514
sub18,task2,4,clean_epochs_task2_ICA_sub18_clr1_sess4-epo.fif,right,N1,0.13,0.2,"O1,Oz,O2",-4.7994633956123725
sub18,task2,4,clean_epochs_task2_ICA_sub18_clr1_sess4-epo.fif,correct_left,N1,0.13,0.2,"O1,Oz,O2",-5.58401238187842
sub18,task2,4,clean_epochs_task2_ICA_sub18_clr1_sess4-epo.fif,correct_right,N1,0.13,0.2,"O1,Oz,O2",-4.7378169828666845
sub18,task2,4,clean_epochs_task2_ICA_sub18_clr1_sess4-epo.fif,error_left,N1,0.13,0.2,"O1,Oz,O2",-4.269262612370288
sub18,task2,4,clean_epochs_task2_ICA_sub18_clr1_sess4-epo.fif,error_right,N1,0.13,0.2,"O1,Oz,O2",-5.658660273255401
sub18,task2,1,clean_epochs_task2_ICA_sub18_clr1_sess1-epo.fif,correct,N1,0.13,0.2,"O1,Oz,O2",-7.988997488855648
sub18,task2,1,clean_epochs_task2_ICA_sub18_clr1_sess1-epo.fif,error,N1,0.13,0.2,"O1,Oz,O2",-8.638394951978734
sub18,task2,1,clean_epochs_task2_ICA_sub18_clr1_sess1-epo.fif,left,N1,0.13,0.2,"O1,Oz,O2",-8.143510537855404
sub18,task2,1,clean_epochs_task2_ICA_sub18_clr1_sess1-epo.fif,right,N1,0.13,0.2,"O1,Oz,O2",-8.185181266986344
sub18,task2,1,clean_epochs_task2_ICA_sub18_clr1_sess1-epo.fif,correct_left,N1,0.13,0.2,"O1,Oz,O2",-7.913567014537717
sub18,task2,1,clean_epochs_task2_ICA_sub18_clr1_sess1-epo.fif,correct_right,N1,0.13,0.2,"O1,Oz,O2",-8.16957347282887
sub18,task2,1,clean_epochs_task2_ICA_sub18_clr1_sess1-epo.fif,error_left,N1,0.13,0.2,"O1,Oz,O2",-8.662525919058176
sub18,task2,1,clean_epochs_task2_ICA_sub18_clr1_sess1-epo.fif,error_right,N1,0.13,0.2,"O1,Oz,O2",-8.356867002718555
sub18,task2,2,clean_epochs_task2_ICA_sub18_clr1_sess2-epo.fif,correct,N1,0.13,0.2,"O1,Oz,O2",-5.034063023980134
sub18,task2,2,clean_epochs_task2_ICA_sub18_clr1_sess2-epo.fif,error,N1,0.13,0.2,"O1,Oz,O2",-6.55233144236221
sub18,task2,2,clean_epochs_task2_ICA_sub18_clr1_sess2-epo.fif,left,N1,0.13,0.2,"O1,Oz,O2",-4.727943397502013
sub18,task2,2,clean_epochs_task2_ICA_sub18_clr1_sess2-epo.fif,right,N1,0.13,0.2,"O1,Oz,O2",-5.710470615152658
sub18,task2,2,clean_epochs_task2_ICA_sub18_clr1_sess2-epo.fif,correct_left,N1,0.13,0.2,"O1,Oz,O2",-4.727943397502013
sub18,task2,2,clean_epochs_task2_ICA_sub18_clr1_sess2-epo.fif,correct_right,N1,0.13,0.2,"O1,Oz,O2",-5.227638670135415
sub18,task2,2,clean_epochs_task2_ICA_sub18_clr1_sess2-epo.fif,error_right,N1,0.13,0.2,"O1,Oz,O2",-6.55233144236221
sub19,task2,3,clean_epochs_task2_ICA_sub19_llx1_sess3-epo.fif,correct,N1,0.13,0.2,"O1,Oz,O2",-3.304419894466231
sub19,task2,3,clean_epochs_task2_ICA_sub19_llx1_sess3-epo.fif,error,N1,0.13,0.2,"O1,Oz,O2",-3.5097168999608064
sub19,task2,3,clean_epochs_task2_ICA_sub19_llx1_sess3-epo.fif,left,N1,0.13,0.2,"O1,Oz,O2",-3.460802640727216
sub19,task2,3,clean_epochs_task2_ICA_sub19_llx1_sess3-epo.fif,right,N1,0.13,0.2,"O1,Oz,O2",-3.2949347783430243
sub19,task2,3,clean_epochs_task2_ICA_sub19_llx1_sess3-epo.fif,correct_left,N1,0.13,0.2,"O1,Oz,O2",-3.4753931816064263
sub19,task2,3,clean_epochs_task2_ICA_sub19_llx1_sess3-epo.fif,correct_right,N1,0.13,0.2,"O1,Oz,O2",-3.2697631470729482
sub19,task2,3,clean_epochs_task2_ICA_sub19_llx1_sess3-epo.fif,error_left,N1,0.13,0.2,"O1,Oz,O2",-3.4102969222991804
sub19,task2,3,clean_epochs_task2_ICA_sub19_llx1_sess3-epo.fif,error_right,N1,0.13,0.2,"O1,Oz,O2",-3.5743398854408635
sub19,task2,4,clean_epochs_task2_ICA_sub19_llx1_sess4-epo.fif,correct,N1,0.13,0.2,"O1,Oz,O2",-6.709388114210517
sub19,task2,4,clean_epochs_task2_ICA_sub19_llx1_sess4-epo.fif,error,N1,0.13,0.2,"O1,Oz,O2",-6.034324328951562
sub19,task2,4,clean_epochs_task2_ICA_sub19_llx1_sess4-epo.fif,left,N1,0.13,0.2,"O1,Oz,O2",-7.1290346269718485
sub19,task2,4,clean_epochs_task2_ICA_sub19_llx1_sess4-epo.fif,right,N1,0.13,0.2,"O1,Oz,O2",-6.586233120998307
sub19,task2,4,clean_epochs_task2_ICA_sub19_llx1_sess4-epo.fif,correct_left,N1,0.13,0.2,"O1,Oz,O2",-8.198583633144603
sub19,task2,4,clean_epochs_task2_ICA_sub19_llx1_sess4-epo.fif,correct_right,N1,0.13,0.2,"O1,Oz,O2",-6.571277239470663
sub19,task2,4,clean_epochs_task2_ICA_sub19_llx1_sess4-epo.fif,error_left,N1,0.13,0.2,"O1,Oz,O2",-4.395742722308144
sub19,task2,4,clean_epochs_task2_ICA_sub19_llx1_sess4-epo.fif,error_right,N1,0.13,0.2,"O1,Oz,O2",-6.7716860519411
sub19,task2,1,clean_epochs_task2_ICA_sub19_llx1_sess1-epo.fif,correct,N1,0.13,0.2,"O1,Oz,O2",-5.776524568002311
sub19,task2,1,clean_epochs_task2_ICA_sub19_llx1_sess1-epo.fif,error,N1,0.13,0.2,"O1,Oz,O2",-6.22477542547221
sub19,task2,1,clean_epochs_task2_ICA_sub19_llx1_sess1-epo.fif,left,N1,0.13,0.2,"O1,Oz,O2",-5.396549826404387
sub19,task2,1,clean_epochs_task2_ICA_sub19_llx1_sess1-epo.fif,right,N1,0.13,0.2,"O1,Oz,O2",-6.108354087000452
sub19,task2,1,clean_epochs_task2_ICA_sub19_llx1_sess1-epo.fif,correct_left,N1,0.13,0.2,"O1,Oz,O2",-5.388698761824512
sub19,task2,1,clean_epochs_task2_ICA_sub19_llx1_sess1-epo.fif,correct_right,N1,0.13,0.2,"O1,Oz,O2",-6.088799892457164
sub19,task2,1,clean_epochs_task2_ICA_sub19_llx1_sess1-epo.fif,error_left,N1,0.13,0.2,"O1,Oz,O2",-5.8833158303566675
sub19,task2,1,clean_epochs_task2_ICA_sub19_llx1_sess1-epo.fif,error_right,N1,0.13,0.2,"O1,Oz,O2",-6.258921384983764
sub19,task2,2,clean_epochs_task2_ICA_sub19_llx1_sess2-epo.fif,correct,N1,0.13,0.2,"O1,Oz,O2",-7.314486935830121
sub19,task2,2,clean_epochs_task2_ICA_sub19_llx1_sess2-epo.fif,error,N1,0.13,0.2,"O1,Oz,O2",-8.37919065437519
sub19,task2,2,clean_epochs_task2_ICA_sub19_llx1_sess2-epo.fif,left,N1,0.13,0.2,"O1,Oz,O2",-7.236967452971277
sub19,task2,2,clean_epochs_task2_ICA_sub19_llx1_sess2-epo.fif,right,N1,0.13,0.2,"O1,Oz,O2",-7.6464489020441775
sub19,task2,2,clean_epochs_task2_ICA_sub19_llx1_sess2-epo.fif,correct_left,N1,0.13,0.2,"O1,Oz,O2",-7.398919320456121
sub19,task2,2,clean_epochs_task2_ICA_sub19_llx1_sess2-epo.fif,correct_right,N1,0.13,0.2,"O1,Oz,O2",-7.259324444541135
sub19,task2,2,clean_epochs_task2_ICA_sub19_llx1_sess2-epo.fif,error_left,N1,0.13,0.2,"O1,Oz,O2",-5.6498391516197985
sub19,task2,2,clean_epochs_task2_ICA_sub19_llx1_sess2-epo.fif,error_right,N1,0.13,0.2,"O1,Oz,O2",-9.029036250269332
sub20,task2,3,clean_epochs_task2_ICA_sub20_pyb1_sess3-epo.fif,correct,N1,0.13,0.2,"O1,Oz,O2",-1.1789061565044876
sub20,task2,3,clean_epochs_task2_ICA_sub20_pyb1_sess3-epo.fif,error,N1,0.13,0.2,"O1,Oz,O2",-2.0433613360300344
sub20,task2,3,clean_epochs_task2_ICA_sub20_pyb1_sess3-epo.fif,left,N1,0.13,0.2,"O1,Oz,O2",-0.49871170884239924
sub20,task2,3,clean_epochs_task2_ICA_sub20_pyb1_sess3-epo.fif,right,N1,0.13,0.2,"O1,Oz,O2",-1.3437713444186787
sub20,task2,3,clean_epochs_task2_ICA_sub20_pyb1_sess3-epo.fif,correct_left,N1,0.13,0.2,"O1,Oz,O2",-0.3974751918127223
sub20,task2,3,clean_epochs_task2_ICA_sub20_pyb1_sess3-epo.fif,correct_right,N1,0.13,0.2,"O1,Oz,O2",-1.259851196671762
sub20,task2,3,clean_epochs_task2_ICA_sub20_pyb1_sess3-epo.fif,error_left,N1,0.13,0.2,"O1,Oz,O2",-0.7911727580392439
sub20,task2,3,clean_epochs_task2_ICA_sub20_pyb1_sess3-epo.fif,error_right,N1,0.13,0.2,"O1,Oz,O2",-2.848339707595543
sub20,task2,4,clean_epochs_task2_ICA_sub20_pyb1_sess4-epo.fif,correct,N1,0.13,0.2,"O1,Oz,O2",0.08383841038300162
sub20,task2,4,clean_epochs_task2_ICA_sub20_pyb1_sess4-epo.fif,error,N1,0.13,0.2,"O1,Oz,O2",-0.6383453958494225
sub20,task2,4,clean_epochs_task2_ICA_sub20_pyb1_sess4-epo.fif,left,N1,0.13,0.2,"O1,Oz,O2",0.26609315970951286
sub20,task2,4,clean_epochs_task2_ICA_sub20_pyb1_sess4-epo.fif,right,N1,0.13,0.2,"O1,Oz,O2",-0.024830920105543195
sub20,task2,4,clean_epochs_task2_ICA_sub20_pyb1_sess4-epo.fif,correct_left,N1,0.13,0.2,"O1,Oz,O2",0.2738607312193729
sub20,task2,4,clean_epochs_task2_ICA_sub20_pyb1_sess4-epo.fif,correct_right,N1,0.13,0.2,"O1,Oz,O2",0.048618756090053596
sub20,task2,4,clean_epochs_task2_ICA_sub20_pyb1_sess4-epo.fif,error_left,N1,0.13,0.2,"O1,Oz,O2",0.21837807757751543
sub20,task2,4,clean_epochs_task2_ICA_sub20_pyb1_sess4-epo.fif,error_right,N1,0.13,0.2,"O1,Oz,O2",-0.9715156355154538
sub20,task2,1,clean_epochs_task2_ICA_sub20_pyb1_sess1-epo.fif,correct,N1,0.13,0.2,"O1,Oz,O2",-0.5467534411777218
sub20,task2,1,clean_epochs_task2_ICA_sub20_pyb1_sess1-epo.fif,error,N1,0.13,0.2,"O1,Oz,O2",-0.005994210706138515
sub20,task2,1,clean_epochs_task2_ICA_sub20_pyb1_sess1-epo.fif,left,N1,0.13,0.2,"O1,Oz,O2",-0.24653057796467231
sub20,task2,1,clean_epochs_task2_ICA_sub20_pyb1_sess1-epo.fif,right,N1,0.13,0.2,"O1,Oz,O2",-0.5912102333478919
sub20,task2,1,clean_epochs_task2_ICA_sub20_pyb1_sess1-epo.fif,correct_left,N1,0.13,0.2,"O1,Oz,O2",-0.3414473130048831
sub20,task2,1,clean_epochs_task2_ICA_sub20_pyb1_sess1-epo.fif,correct_right,N1,0.13,0.2,"O1,Oz,O2",-0.6863616083352523
sub20,task2,1,clean_epochs_task2_ICA_sub20_pyb1_sess1-epo.fif,error_left,N1,0.13,0.2,"O1,Oz,O2",0.5602616698771191
sub20,task2,1,clean_epochs_task2_ICA_sub20_pyb1_sess1-epo.fif,error_right,N1,0.13,0.2,"O1,Oz,O2",-0.19474617090055765
sub20,task2,2,clean_epochs_task2_ICA_sub20_pyb1_sess2-epo.fif,correct,N1,0.13,0.2,"O1,Oz,O2",0.3621459117298233
sub20,task2,2,clean_epochs_task2_ICA_sub20_pyb1_sess2-epo.fif,error,N1,0.13,0.2,"O1,Oz,O2",0.6216095836431852
sub20,task2,2,clean_epochs_task2_ICA_sub20_pyb1_sess2-epo.fif,left,N1,0.13,0.2,"O1,Oz,O2",0.4759752374803784
sub20,task2,2,clean_epochs_task2_ICA_sub20_pyb1_sess2-epo.fif,right,N1,0.13,0.2,"O1,Oz,O2",0.3190413829103448
sub20,task2,2,clean_epochs_task2_ICA_sub20_pyb1_sess2-epo.fif,correct_left,N1,0.13,0.2,"O1,Oz,O2",0.3983084492753078
sub20,task2,2,clean_epochs_task2_ICA_sub20_pyb1_sess2-epo.fif,correct_right,N1,0.13,0.2,"O1,Oz,O2",0.33321588169343574
sub20,task2,2,clean_epochs_task2_ICA_sub20_pyb1_sess2-epo.fif,error_left,N1,0.13,0.2,"O1,Oz,O2",1.252643119531083
sub20,task2,2,clean_epochs_task2_ICA_sub20_pyb1_sess2-epo.fif,error_right,N1,0.13,0.2,"O1,Oz,O2",0.20092055971791986
sub21,task2,3,clean_epochs_task2_ICA_sub21_zfy1_sess3-epo.fif,correct,N1,0.13,0.2,"O1,Oz,O2",-2.386900729128821
sub21,task2,3,clean_epochs_task2_ICA_sub21_zfy1_sess3-epo.fif,error,N1,0.13,0.2,"O1,Oz,O2",-2.5221770759866735
sub21,task2,3,clean_epochs_task2_ICA_sub21_zfy1_sess3-epo.fif,left,N1,0.13,0.2,"O1,Oz,O2",-2.521015100832634
sub21,task2,3,clean_epochs_task2_ICA_sub21_zfy1_sess3-epo.fif,right,N1,0.13,0.2,"O1,Oz,O2",-2.413959013479831
sub21,task2,3,clean_epochs_task2_ICA_sub21_zfy1_sess3-epo.fif,correct_left,N1,0.13,0.2,"O1,Oz,O2",-2.477131333282859
sub21,task2,3,clean_epochs_task2_ICA_sub21_zfy1_sess3-epo.fif,correct_right,N1,0.13,0.2,"O1,Oz,O2",-2.3812613163691942
sub21,task2,3,clean_epochs_task2_ICA_sub21_zfy1_sess3-epo.fif,error_left,N1,0.13,0.2,"O1,Oz,O2",-2.5728777352096395
sub21,task2,3,clean_epochs_task2_ICA_sub21_zfy1_sess3-epo.fif,error_right,N1,0.13,0.2,"O1,Oz,O2",-2.5139754987594296
sub21,task2,4,clean_epochs_task2_ICA_sub21_zfy1_sess4-epo.fif,correct,N1,0.13,0.2,"O1,Oz,O2",-2.588368533582426
sub21,task2,4,clean_epochs_task2_ICA_sub21_zfy1_sess4-epo.fif,error,N1,0.13,0.2,"O1,Oz,O2",-2.296456111849814
sub21,task2,4,clean_epochs_task2_ICA_sub21_zfy1_sess4-epo.fif,left,N1,0.13,0.2,"O1,Oz,O2",-2.7473544928035967
sub21,task2,4,clean_epochs_task2_ICA_sub21_zfy1_sess4-epo.fif,right,N1,0.13,0.2,"O1,Oz,O2",-2.5151466410011656
sub21,task2,4,clean_epochs_task2_ICA_sub21_zfy1_sess4-epo.fif,correct_left,N1,0.13,0.2,"O1,Oz,O2",-3.153869754068204
sub21,task2,4,clean_epochs_task2_ICA_sub21_zfy1_sess4-epo.fif,correct_right,N1,0.13,0.2,"O1,Oz,O2",-2.5446817440170015
sub21,task2,4,clean_epochs_task2_ICA_sub21_zfy1_sess4-epo.fif,error_left,N1,0.13,0.2,"O1,Oz,O2",-2.2595361792860684
sub21,task2,4,clean_epochs_task2_ICA_sub21_zfy1_sess4-epo.fif,error_right,N1,0.13,0.2,"O1,Oz,O2",-2.312744317392643
sub21,task2,1,clean_epochs_task2_ICA_sub21_zfy1_sess1-epo.fif,correct,N1,0.13,0.2,"O1,Oz,O2",-3.7081104284467132
sub21,task2,1,clean_epochs_task2_ICA_sub21_zfy1_sess1-epo.fif,error,N1,0.13,0.2,"O1,Oz,O2",-3.8721538693753423
sub21,task2,1,clean_epochs_task2_ICA_sub21_zfy1_sess1-epo.fif,left,N1,0.13,0.2,"O1,Oz,O2",-3.606008164233057
sub21,task2,1,clean_epochs_task2_ICA_sub21_zfy1_sess1-epo.fif,right,N1,0.13,0.2,"O1,Oz,O2",-3.892256485143735
sub21,task2,1,clean_epochs_task2_ICA_sub21_zfy1_sess1-epo.fif,correct_left,N1,0.13,0.2,"O1,Oz,O2",-3.2513041194517998
sub21,task2,1,clean_epochs_task2_ICA_sub21_zfy1_sess1-epo.fif,correct_right,N1,0.13,0.2,"O1,Oz,O2",-4.1248460085824235
sub21,task2,1,clean_epochs_task2_ICA_sub21_zfy1_sess1-epo.fif,error_left,N1,0.13,0.2,"O1,Oz,O2",-4.484322941786646
sub21,task2,1,clean_epochs_task2_ICA_sub21_zfy1_sess1-epo.fif,error_right,N1,0.13,0.2,"O1,Oz,O2",-3.2293763433434735
sub21,task2,2,clean_epochs_task2_ICA_sub21_zfy1_sess2-epo.fif,correct,N1,0.13,0.2,"O1,Oz,O2",-3.739307254502434
sub21,task2,2,clean_epochs_task2_ICA_sub21_zfy1_sess2-epo.fif,error,N1,0.13,0.2,"O1,Oz,O2",-4.333777656013143
sub21,task2,2,clean_epochs_task2_ICA_sub21_zfy1_sess2-epo.fif,left,N1,0.13,0.2,"O1,Oz,O2",-4.1253230379796095
sub21,task2,2,clean_epochs_task2_ICA_sub21_zfy1_sess2-epo.fif,right,N1,0.13,0.2,"O1,Oz,O2",-3.550405454563768
sub21,task2,2,clean_epochs_task2_ICA_sub21_zfy1_sess2-epo.fif,correct_left,N1,0.13,0.2,"O1,Oz,O2",-4.096678944395571
sub21,task2,2,clean_epochs_task2_ICA_sub21_zfy1_sess2-epo.fif,correct_right,N1,0.13,0.2,"O1,Oz,O2",-3.4285492632910106
sub21,task2,2,clean_epochs_task2_ICA_sub21_zfy1_sess2-epo.fif,error_left,N1,0.13,0.2,"O1,Oz,O2",-4.281563548438002
sub21,task2,2,clean_epochs_task2_ICA_sub21_zfy1_sess2-epo.fif,error_right,N1,0.13,0.2,"O1,Oz,O2",-4.391213174345796
sub22,task2,1,clean_epochs_task2_ICA_sub22_zzy1_sess1-epo.fif,correct,N1,0.13,0.2,"O1,Oz,O2",-3.00817314350155
sub22,task2,1,clean_epochs_task2_ICA_sub22_zzy1_sess1-epo.fif,error,N1,0.13,0.2,"O1,Oz,O2",-2.5138790432455593
sub22,task2,1,clean_epochs_task2_ICA_sub22_zzy1_sess1-epo.fif,left,N1,0.13,0.2,"O1,Oz,O2",-3.4691641264539523
sub22,task2,1,clean_epochs_task2_ICA_sub22_zzy1_sess1-epo.fif,right,N1,0.13,0.2,"O1,Oz,O2",-2.211079567879764
sub22,task2,1,clean_epochs_task2_ICA_sub22_zzy1_sess1-epo.fif,correct_left,N1,0.13,0.2,"O1,Oz,O2",-3.520141029319478
sub22,task2,1,clean_epochs_task2_ICA_sub22_zzy1_sess1-epo.fif,correct_right,N1,0.13,0.2,"O1,Oz,O2",-2.4181084615419053
sub22,task2,1,clean_epochs_task2_ICA_sub22_zzy1_sess1-epo.fif,error_left,N1,0.13,0.2,"O1,Oz,O2",-3.276584715628632
sub22,task2,1,clean_epochs_task2_ICA_sub22_zzy1_sess1-epo.fif,error_right,N1,0.13,0.2,"O1,Oz,O2",0.23186137733350287
sub22,task2,2,clean_epochs_task2_ICA_sub22_zzy1_sess2-epo.fif,correct,N1,0.13,0.2,"O1,Oz,O2",-1.5015036379659588
sub22,task2,2,clean_epochs_task2_ICA_sub22_zzy1_sess2-epo.fif,error,N1,0.13,0.2,"O1,Oz,O2",-0.9573047294271216
sub22,task2,2,clean_epochs_task2_ICA_sub22_zzy1_sess2-epo.fif,left,N1,0.13,0.2,"O1,Oz,O2",-1.1730369416018835
sub22,task2,2,clean_epochs_task2_ICA_sub22_zzy1_sess2-epo.fif,right,N1,0.13,0.2,"O1,Oz,O2",-1.6566489513257512
sub22,task2,2,clean_epochs_task2_ICA_sub22_zzy1_sess2-epo.fif,correct_left,N1,0.13,0.2,"O1,Oz,O2",-1.3495002666865947
sub22,task2,2,clean_epochs_task2_ICA_sub22_zzy1_sess2-epo.fif,correct_right,N1,0.13,0.2,"O1,Oz,O2",-1.6195062551433597
sub22,task2,2,clean_epochs_task2_ICA_sub22_zzy1_sess2-epo.fif,error_left,N1,0.13,0.2,"O1,Oz,O2",0.5621857550644505
sub22,task2,2,clean_epochs_task2_ICA_sub22_zzy1_sess2-epo.fif,error_right,N1,0.13,0.2,"O1,Oz,O2",-1.9702983857548364
sub22,task2,3,clean_epochs_task2_ICA_sub22_zzy1_sess3-epo.fif,correct,N1,0.13,0.2,"O1,Oz,O2",-0.7591066352329112
sub22,task2,3,clean_epochs_task2_ICA_sub22_zzy1_sess3-epo.fif,error,N1,0.13,0.2,"O1,Oz,O2",-0.8881514443360742
sub22,task2,3,clean_epochs_task2_ICA_sub22_zzy1_sess3-epo.fif,left,N1,0.13,0.2,"O1,Oz,O2",-1.0586552758261503
sub22,task2,3,clean_epochs_task2_ICA_sub22_zzy1_sess3-epo.fif,right,N1,0.13,0.2,"O1,Oz,O2",-0.7677915127159716
sub22,task2,3,clean_epochs_task2_ICA_sub22_zzy1_sess3-epo.fif,correct_left,N1,0.13,0.2,"O1,Oz,O2",-0.34277945965181633
sub22,task2,3,clean_epochs_task2_ICA_sub22_zzy1_sess3-epo.fif,correct_right,N1,0.13,0.2,"O1,Oz,O2",-0.765988076151607
sub22,task2,3,clean_epochs_task2_ICA_sub22_zzy1_sess3-epo.fif,error_left,N1,0.13,0.2,"O1,Oz,O2",-1.3189737544349982
sub22,task2,3,clean_epochs_task2_ICA_sub22_zzy1_sess3-epo.fif,error_right,N1,0.13,0.2,"O1,Oz,O2",-0.777941085938675
sub22,task2,4,clean_epochs_task2_ICA_sub22_zzy1_sess4-epo.fif,correct,N1,0.13,0.2,"O1,Oz,O2",0.6970259869316751
sub22,task2,4,clean_epochs_task2_ICA_sub22_zzy1_sess4-epo.fif,error,N1,0.13,0.2,"O1,Oz,O2",0.44952902181870286
sub22,task2,4,clean_epochs_task2_ICA_sub22_zzy1_sess4-epo.fif,left,N1,0.13,0.2,"O1,Oz,O2",-0.1476709476657232
sub22,task2,4,clean_epochs_task2_ICA_sub22_zzy1_sess4-epo.fif,right,N1,0.13,0.2,"O1,Oz,O2",0.7006628503781561
sub22,task2,4,clean_epochs_task2_ICA_sub22_zzy1_sess4-epo.fif,correct_left,N1,0.13,0.2,"O1,Oz,O2",-0.45633450680171095
sub22,task2,4,clean_epochs_task2_ICA_sub22_zzy1_sess4-epo.fif,correct_right,N1,0.13,0.2,"O1,Oz,O2",0.7778690121933609
sub22,task2,4,clean_epochs_task2_ICA_sub22_zzy1_sess4-epo.fif,error_left,N1,0.13,0.2,"O1,Oz,O2",0.5137509647685365
sub22,task2,4,clean_epochs_task2_ICA_sub22_zzy1_sess4-epo.fif,error_right,N1,0.13,0.2,"O1,Oz,O2",0.44250474680856483
sub24,task2,1,clean_epochs_task2_ICA_sub24_czy1_sess1-epo.fif,correct,N1,0.13,0.2,"O1,Oz,O2",-0.7048066179509644
sub24,task2,1,clean_epochs_task2_ICA_sub24_czy1_sess1-epo.fif,error,N1,0.13,0.2,"O1,Oz,O2",-1.0678312271447954
sub24,task2,1,clean_epochs_task2_ICA_sub24_czy1_sess1-epo.fif,left,N1,0.13,0.2,"O1,Oz,O2",-0.7923176876622404
sub24,task2,1,clean_epochs_task2_ICA_sub24_czy1_sess1-epo.fif,right,N1,0.13,0.2,"O1,Oz,O2",-0.7876421417188255
sub24,task2,1,clean_epochs_task2_ICA_sub24_czy1_sess1-epo.fif,correct_left,N1,0.13,0.2,"O1,Oz,O2",-0.7500519046986309
sub24,task2,1,clean_epochs_task2_ICA_sub24_czy1_sess1-epo.fif,correct_right,N1,0.13,0.2,"O1,Oz,O2",-0.6746430934525199
sub24,task2,1,clean_epochs_task2_ICA_sub24_czy1_sess1-epo.fif,error_left,N1,0.13,0.2,"O1,Oz,O2",-0.9311909745426721
sub24,task2,1,clean_epochs_task2_ICA_sub24_czy1_sess1-epo.fif,error_right,N1,0.13,0.2,"O1,Oz,O2",-1.1589247288795446
sub24,task2,2,clean_epochs_task2_ICA_sub24_czy1_sess2-epo.fif,correct,N1,0.13,0.2,"O1,Oz,O2",-5.818494390744386
sub24,task2,2,clean_epochs_task2_ICA_sub24_czy1_sess2-epo.fif,error,N1,0.13,0.2,"O1,Oz,O2",-6.5407717998601935
sub24,task2,2,clean_epochs_task2_ICA_sub24_czy1_sess2-epo.fif,left,N1,0.13,0.2,"O1,Oz,O2",-5.952065597959937
sub24,task2,2,clean_epochs_task2_ICA_sub24_czy1_sess2-epo.fif,right,N1,0.13,0.2,"O1,Oz,O2",-6.0298398195291485
sub24,task2,2,clean_epochs_task2_ICA_sub24_czy1_sess2-epo.fif,correct_left,N1,0.13,0.2,"O1,Oz,O2",-5.709864866041286
sub24,task2,2,clean_epochs_task2_ICA_sub24_czy1_sess2-epo.fif,correct_right,N1,0.13,0.2,"O1,Oz,O2",-5.9078509352582245
sub24,task2,2,clean_epochs_task2_ICA_sub24_czy1_sess2-epo.fif,error_left,N1,0.13,0.2,"O1,Oz,O2",-6.902237700102335
sub24,task2,2,clean_epochs_task2_ICA_sub24_czy1_sess2-epo.fif,error_right,N1,0.13,0.2,"O1,Oz,O2",-6.344977770562368
sub24,task2,3,clean_epochs_task2_ICA_sub24_czy1_sess3-epo.fif,correct,N1,0.13,0.2,"O1,Oz,O2",-1.4199646664376873
sub24,task2,3,clean_epochs_task2_ICA_sub24_czy1_sess3-epo.fif,error,N1,0.13,0.2,"O1,Oz,O2",-1.7057783111459415
sub24,task2,3,clean_epochs_task2_ICA_sub24_czy1_sess3-epo.fif,left,N1,0.13,0.2,"O1,Oz,O2",-2.106195582216078
sub24,task2,3,clean_epochs_task2_ICA_sub24_czy1_sess3-epo.fif,right,N1,0.13,0.2,"O1,Oz,O2",-1.4329200126066632
sub24,task2,3,clean_epochs_task2_ICA_sub24_czy1_sess3-epo.fif,correct_left,N1,0.13,0.2,"O1,Oz,O2",-2.5359391092291257
sub24,task2,3,clean_epochs_task2_ICA_sub24_czy1_sess3-epo.fif,correct_right,N1,0.13,0.2,"O1,Oz,O2",-1.3722734509337795
sub24,task2,3,clean_epochs_task2_ICA_sub24_czy1_sess3-epo.fif,error_left,N1,0.13,0.2,"O1,Oz,O2",-1.569016173449768
sub24,task2,3,clean_epochs_task2_ICA_sub24_czy1_sess3-epo.fif,error_right,N1,0.13,0.2,"O1,Oz,O2",-1.7285720007619703
sub25,task2,3,clean_epochs_task2_ICA_sub25_cjb1_sess3-epo.fif,correct,N1,0.13,0.2,"O1,Oz,O2",-3.0935795429855957
sub25,task2,3,clean_epochs_task2_ICA_sub25_cjb1_sess3-epo.fif,error,N1,0.13,0.2,"O1,Oz,O2",-4.03430492827651
sub25,task2,3,clean_epochs_task2_ICA_sub25_cjb1_sess3-epo.fif,left,N1,0.13,0.2,"O1,Oz,O2",-3.859557728129291
sub25,task2,3,clean_epochs_task2_ICA_sub25_cjb1_sess3-epo.fif,right,N1,0.13,0.2,"O1,Oz,O2",-3.2416035810312165
sub25,task2,3,clean_epochs_task2_ICA_sub25_cjb1_sess3-epo.fif,correct_left,N1,0.13,0.2,"O1,Oz,O2",-3.713162910535219
sub25,task2,3,clean_epochs_task2_ICA_sub25_cjb1_sess3-epo.fif,correct_right,N1,0.13,0.2,"O1,Oz,O2",-3.0721221103431846
sub25,task2,3,clean_epochs_task2_ICA_sub25_cjb1_sess3-epo.fif,error_left,N1,0.13,0.2,"O1,Oz,O2",-3.949646846648719
sub25,task2,3,clean_epochs_task2_ICA_sub25_cjb1_sess3-epo.fif,error_right,N1,0.13,0.2,"O1,Oz,O2",-4.057233158717369
sub25,task2,4,clean_epochs_task2_ICA_sub25_cjb1_sess4-epo.fif,correct,N1,0.13,0.2,"O1,Oz,O2",-6.128785334803865
sub25,task2,4,clean_epochs_task2_ICA_sub25_cjb1_sess4-epo.fif,error,N1,0.13,0.2,"O1,Oz,O2",-6.75944645033386
sub25,task2,4,clean_epochs_task2_ICA_sub25_cjb1_sess4-epo.fif,left,N1,0.13,0.2,"O1,Oz,O2",-5.542213816781629
sub25,task2,4,clean_epochs_task2_ICA_sub25_cjb1_sess4-epo.fif,right,N1,0.13,0.2,"O1,Oz,O2",-6.243745668700264
sub25,task2,4,clean_epochs_task2_ICA_sub25_cjb1_sess4-epo.fif,correct_left,N1,0.13,0.2,"O1,Oz,O2",-6.336119510526026
sub25,task2,4,clean_epochs_task2_ICA_sub25_cjb1_sess4-epo.fif,correct_right,N1,0.13,0.2,"O1,Oz,O2",-6.120557788148224
sub25,task2,4,clean_epochs_task2_ICA_sub25_cjb1_sess4-epo.fif,error_left,N1,0.13,0.2,"O1,Oz,O2",-3.9544024292928373
sub25,task2,4,clean_epochs_task2_ICA_sub25_cjb1_sess4-epo.fif,error_right,N1,0.13,0.2,"O1,Oz,O2",-7.184453120188558
sub25,task2,1,clean_epochs_task2_ICA_sub25_cjb1_sess1-epo.fif,correct,N1,0.13,0.2,"O1,Oz,O2",-2.4096136705673974
sub25,task2,1,clean_epochs_task2_ICA_sub25_cjb1_sess1-epo.fif,error,N1,0.13,0.2,"O1,Oz,O2",-2.466107844400493
sub25,task2,1,clean_epochs_task2_ICA_sub25_cjb1_sess1-epo.fif,left,N1,0.13,0.2,"O1,Oz,O2",-2.356645272021461
sub25,task2,1,clean_epochs_task2_ICA_sub25_cjb1_sess1-epo.fif,right,N1,0.13,0.2,"O1,Oz,O2",-2.476356125980923
sub25,task2,1,clean_epochs_task2_ICA_sub25_cjb1_sess1-epo.fif,correct_left,N1,0.13,0.2,"O1,Oz,O2",-2.3720599188457254
sub25,task2,1,clean_epochs_task2_ICA_sub25_cjb1_sess1-epo.fif,correct_right,N1,0.13,0.2,"O1,Oz,O2",-2.4504616110365856
sub25,task2,1,clean_epochs_task2_ICA_sub25_cjb1_sess1-epo.fif,error_left,N1,0.13,0.2,"O1,Oz,O2",-2.220115543006551
sub25,task2,1,clean_epochs_task2_ICA_sub25_cjb1_sess1-epo.fif,error_right,N1,0.13,0.2,"O1,Oz,O2",-2.5378555989737253
sub25,task2,2,clean_epochs_task2_ICA_sub25_cjb1_sess2-epo.fif,correct,N1,0.13,0.2,"O1,Oz,O2",-2.305447177899812
sub25,task2,2,clean_epochs_task2_ICA_sub25_cjb1_sess2-epo.fif,error,N1,0.13,0.2,"O1,Oz,O2",-2.382883480655507
sub25,task2,2,clean_epochs_task2_ICA_sub25_cjb1_sess2-epo.fif,left,N1,0.13,0.2,"O1,Oz,O2",-2.2145806940896087
sub25,task2,2,clean_epochs_task2_ICA_sub25_cjb1_sess2-epo.fif,right,N1,0.13,0.2,"O1,Oz,O2",-2.3926989815093096
sub25,task2,2,clean_epochs_task2_ICA_sub25_cjb1_sess2-epo.fif,correct_left,N1,0.13,0.2,"O1,Oz,O2",-2.203475915369174
sub25,task2,2,clean_epochs_task2_ICA_sub25_cjb1_sess2-epo.fif,correct_right,N1,0.13,0.2,"O1,Oz,O2",-2.396541505760515
sub25,task2,2,clean_epochs_task2_ICA_sub25_cjb1_sess2-epo.fif,error_left,N1,0.13,0.2,"O1,Oz,O2",-2.462587418845973
sub25,task2,2,clean_epochs_task2_ICA_sub25_cjb1_sess2-epo.fif,error_right,N1,0.13,0.2,"O1,Oz,O2",-2.3350611177412266
sub26,task2,3,clean_epochs_task2_ICA_sub26_pzq1_sess3-epo.fif,correct,N1,0.13,0.2,"O1,Oz,O2",-4.1924594072715395
sub26,task2,3,clean_epochs_task2_ICA_sub26_pzq1_sess3-epo.fif,error,N1,0.13,0.2,"O1,Oz,O2",-4.030223889778399
sub26,task2,3,clean_epochs_task2_ICA_sub26_pzq1_sess3-epo.fif,left,N1,0.13,0.2,"O1,Oz,O2",-4.3125003970737215
sub26,task2,3,clean_epochs_task2_ICA_sub26_pzq1_sess3-epo.fif,right,N1,0.13,0.2,"O1,Oz,O2",-4.172557742696971
sub26,task2,3,clean_epochs_task2_ICA_sub26_pzq1_sess3-epo.fif,correct_left,N1,0.13,0.2,"O1,Oz,O2",-4.668741197728581
sub26,task2,3,clean_epochs_task2_ICA_sub26_pzq1_sess3-epo.fif,correct_right,N1,0.13,0.2,"O1,Oz,O2",-4.174621137966032
sub26,task2,3,clean_epochs_task2_ICA_sub26_pzq1_sess3-epo.fif,error_left,N1,0.13,0.2,"O1,Oz,O2",-3.7187657293156255
sub26,task2,3,clean_epochs_task2_ICA_sub26_pzq1_sess3-epo.fif,error_right,N1,0.13,0.2,"O1,Oz,O2",-4.140150299353494
sub26,task2,4,clean_epochs_task2_ICA_sub26_pzq1_sess4-epo.fif,correct,N1,0.13,0.2,"O1,Oz,O2",-1.7575555241167489
sub26,task2,4,clean_epochs_task2_ICA_sub26_pzq1_sess4-epo.fif,error,N1,0.13,0.2,"O1,Oz,O2",-3.1479004627412497
sub26,task2,4,clean_epochs_task2_ICA_sub26_pzq1_sess4-epo.fif,left,N1,0.13,0.2,"O1,Oz,O2",-1.8439672618629397
sub26,task2,4,clean_epochs_task2_ICA_sub26_pzq1_sess4-epo.fif,right,N1,0.13,0.2,"O1,Oz,O2",-1.8103695089161642
sub26,task2,4,clean_epochs_task2_ICA_sub26_pzq1_sess4-epo.fif,correct_left,N1,0.13,0.2,"O1,Oz,O2",-1.8439672618629397
sub26,task2,4,clean_epochs_task2_ICA_sub26_pzq1_sess4-epo.fif,correct_right,N1,0.13,0.2,"O1,Oz,O2",-1.7493414806047534
sub26,task2,4,clean_epochs_task2_ICA_sub26_pzq1_sess4-epo.fif,error_right,N1,0.13,0.2,"O1,Oz,O2",-3.1479004627412497
sub26,task2,1,clean_epochs_task2_ICA_sub26_pzq1_sess1-epo.fif,correct,N1,0.13,0.2,"O1,Oz,O2",-4.424771992630313
sub26,task2,1,clean_epochs_task2_ICA_sub26_pzq1_sess1-epo.fif,error,N1,0.13,0.2,"O1,Oz,O2",-4.1759015956383125
sub26,task2,1,clean_epochs_task2_ICA_sub26_pzq1_sess1-epo.fif,left,N1,0.13,0.2,"O1,Oz,O2",-4.308421381200387
sub26,task2,1,clean_epochs_task2_ICA_sub26_pzq1_sess1-epo.fif,right,N1,0.13,0.2,"O1,Oz,O2",-4.456086460055499
sub26,task2,1,clean_epochs_task2_ICA_sub26_pzq1_sess1-epo.fif,correct_left,N1,0.13,0.2,"O1,Oz,O2",-4.434557257187769
sub26,task2,1,clean_epochs_task2_ICA_sub26_pzq1_sess1-epo.fif,correct_right,N1,0.13,0.2,"O1,Oz,O2",-4.4156080147114265
sub26,task2,1,clean_epochs_task2_ICA_sub26_pzq1_sess1-epo.fif,error_left,N1,0.13,0.2,"O1,Oz,O2",-3.936320547037611
sub26,task2,1,clean_epochs_task2_ICA_sub26_pzq1_sess1-epo.fif,error_right,N1,0.13,0.2,"O1,Oz,O2",-4.774854217140062
sub26,task2,2,clean_epochs_task2_ICA_sub26_pzq1_sess2-epo.fif,correct,N1,0.13,0.2,"O1,Oz,O2",-2.106088948243241
sub26,task2,2,clean_epochs_task2_ICA_sub26_pzq1_sess2-epo.fif,error,N1,0.13,0.2,"O1,Oz,O2",-2.652328522257497
sub26,task2,2,clean_epochs_task2_ICA_sub26_pzq1_sess2-epo.fif,left,N1,0.13,0.2,"O1,Oz,O2",-2.122272215575871
sub26,task2,2,clean_epochs_task2_ICA_sub26_pzq1_sess2-epo.fif,right,N1,0.13,0.2,"O1,Oz,O2",-2.2468148198410547
sub26,task2,2,clean_epochs_task2_ICA_sub26_pzq1_sess2-epo.fif,correct_left,N1,0.13,0.2,"O1,Oz,O2",-2.009149184140258
sub26,task2,2,clean_epochs_task2_ICA_sub26_pzq1_sess2-epo.fif,correct_right,N1,0.13,0.2,"O1,Oz,O2",-2.194347539441478
sub26,task2,2,clean_epochs_task2_ICA_sub26_pzq1_sess2-epo.fif,error_left,N1,0.13,0.2,"O1,Oz,O2",-2.697314292040237
sub26,task2,2,clean_epochs_task2_ICA_sub26_pzq1_sess2-epo.fif,error_right,N1,0.13,0.2,"O1,Oz,O2",-2.598345598518211
sub27,task2,3,clean_epochs_task2_ICA_sub27_lyj1_sess3-epo.fif,correct,N1,0.13,0.2,"O1,Oz,O2",-6.3633062078295115
sub27,task2,3,clean_epochs_task2_ICA_sub27_lyj1_sess3-epo.fif,error,N1,0.13,0.2,"O1,Oz,O2",-6.426578367648231
sub27,task2,3,clean_epochs_task2_ICA_sub27_lyj1_sess3-epo.fif,left,N1,0.13,0.2,"O1,Oz,O2",-6.9811872937373645
sub27,task2,3,clean_epochs_task2_ICA_sub27_lyj1_sess3-epo.fif,right,N1,0.13,0.2,"O1,Oz,O2",-6.2535234574817835
sub27,task2,3,clean_epochs_task2_ICA_sub27_lyj1_sess3-epo.fif,correct_left,N1,0.13,0.2,"O1,Oz,O2",-6.768639686474173
sub27,task2,3,clean_epochs_task2_ICA_sub27_lyj1_sess3-epo.fif,correct_right,N1,0.13,0.2,"O1,Oz,O2",-6.321555119900449
sub27,task2,3,clean_epochs_task2_ICA_sub27_lyj1_sess3-epo.fif,error_left,N1,0.13,0.2,"O1,Oz,O2",-7.185232996710028
sub27,task2,3,clean_epochs_task2_ICA_sub27_lyj1_sess3-epo.fif,error_right,N1,0.13,0.2,"O1,Oz,O2",-5.372891382840179
sub27,task2,4,clean_epochs_task2_ICA_sub27_lyj1_sess4-epo.fif,correct,N1,0.13,0.2,"O1,Oz,O2",-9.702353261971009
sub27,task2,4,clean_epochs_task2_ICA_sub27_lyj1_sess4-epo.fif,error,N1,0.13,0.2,"O1,Oz,O2",-9.101465393118351
sub27,task2,4,clean_epochs_task2_ICA_sub27_lyj1_sess4-epo.fif,left,N1,0.13,0.2,"O1,Oz,O2",-9.23269539731667
sub27,task2,4,clean_epochs_task2_ICA_sub27_lyj1_sess4-epo.fif,right,N1,0.13,0.2,"O1,Oz,O2",-9.820404425103876
sub27,task2,4,clean_epochs_task2_ICA_sub27_lyj1_sess4-epo.fif,correct_left,N1,0.13,0.2,"O1,Oz,O2",-9.415015545900307
sub27,task2,4,clean_epochs_task2_ICA_sub27_lyj1_sess4-epo.fif,correct_right,N1,0.13,0.2,"O1,Oz,O2",-9.823096238404975
sub27,task2,4,clean_epochs_task2_ICA_sub27_lyj1_sess4-epo.fif,error_left,N1,0.13,0.2,"O1,Oz,O2",-8.272475948109514
sub27,task2,4,clean_epochs_task2_ICA_sub27_lyj1_sess4-epo.fif,error_right,N1,0.13,0.2,"O1,Oz,O2",-9.792289930625714
sub27,task2,1,clean_epochs_task2_ICA_sub27_lyj1_sess1-epo.fif,correct,N1,0.13,0.2,"O1,Oz,O2",-7.126544213308683
sub27,task2,1,clean_epochs_task2_ICA_sub27_lyj1_sess1-epo.fif,error,N1,0.13,0.2,"O1,Oz,O2",-5.574133069907275
sub27,task2,1,clean_epochs_task2_ICA_sub27_lyj1_sess1-epo.fif,left,N1,0.13,0.2,"O1,Oz,O2",-7.0546792173251935
sub27,task2,1,clean_epochs_task2_ICA_sub27_lyj1_sess1-epo.fif,right,N1,0.13,0.2,"O1,Oz,O2",-6.955322453739199
sub27,task2,1,clean_epochs_task2_ICA_sub27_lyj1_sess1-epo.fif,correct_left,N1,0.13,0.2,"O1,Oz,O2",-7.002997828318389
sub27,task2,1,clean_epochs_task2_ICA_sub27_lyj1_sess1-epo.fif,correct_right,N1,0.13,0.2,"O1,Oz,O2",-7.246560701584966
sub27,task2,1,clean_epochs_task2_ICA_sub27_lyj1_sess1-epo.fif,error_left,N1,0.13,0.2,"O1,Oz,O2",-8.226124034812747
sub27,task2,1,clean_epochs_task2_ICA_sub27_lyj1_sess1-epo.fif,error_right,N1,0.13,0.2,"O1,Oz,O2",-4.690136081605451
sub27,task2,2,clean_epochs_task2_ICA_sub27_lyj1_sess2-epo.fif,correct,N1,0.13,0.2,"O1,Oz,O2",-9.090275861405305
sub27,task2,2,clean_epochs_task2_ICA_sub27_lyj1_sess2-epo.fif,error,N1,0.13,0.2,"O1,Oz,O2",-10.1661527288211
sub27,task2,2,clean_epochs_task2_ICA_sub27_lyj1_sess2-epo.fif,left,N1,0.13,0.2,"O1,Oz,O2",-9.372453690306788
sub27,task2,2,clean_epochs_task2_ICA_sub27_lyj1_sess2-epo.fif,right,N1,0.13,0.2,"O1,Oz,O2",-9.124725869034089
sub27,task2,2,clean_epochs_task2_ICA_sub27_lyj1_sess2-epo.fif,correct_left,N1,0.13,0.2,"O1,Oz,O2",-9.28916029283026
sub27,task2,2,clean_epochs_task2_ICA_sub27_lyj1_sess2-epo.fif,correct_right,N1,0.13,0.2,"O1,Oz,O2",-8.903265127378853
sub27,task2,2,clean_epochs_task2_ICA_sub27_lyj1_sess2-epo.fif,error_left,N1,0.13,0.2,"O1,Oz,O2",-11.121615037313871
sub27,task2,2,clean_epochs_task2_ICA_sub27_lyj1_sess2-epo.fif,error_right,N1,0.13,0.2,"O1,Oz,O2",-9.997541733204729
sub28,task2,1,clean_epochs_task2_ICA_sub28_hbf1_sess1-epo.fif,correct,N1,0.13,0.2,"O1,Oz,O2",-3.227591943099392
sub28,task2,1,clean_epochs_task2_ICA_sub28_hbf1_sess1-epo.fif,error,N1,0.13,0.2,"O1,Oz,O2",-1.958601252043252
sub28,task2,1,clean_epochs_task2_ICA_sub28_hbf1_sess1-epo.fif,left,N1,0.13,0.2,"O1,Oz,O2",-2.9230517328129206
sub28,task2,1,clean_epochs_task2_ICA_sub28_hbf1_sess1-epo.fif,right,N1,0.13,0.2,"O1,Oz,O2",-3.187388219351694
sub28,task2,1,clean_epochs_task2_ICA_sub28_hbf1_sess1-epo.fif,correct_left,N1,0.13,0.2,"O1,Oz,O2",-3.04728967523066
sub28,task2,1,clean_epochs_task2_ICA_sub28_hbf1_sess1-epo.fif,correct_right,N1,0.13,0.2,"O1,Oz,O2",-3.394438817843591
sub28,task2,1,clean_epochs_task2_ICA_sub28_hbf1_sess1-epo.fif,error_left,N1,0.13,0.2,"O1,Oz,O2",-2.441629705944183
sub28,task2,1,clean_epochs_task2_ICA_sub28_hbf1_sess1-epo.fif,error_right,N1,0.13,0.2,"O1,Oz,O2",-0.41291019956027225
sub28,task2,2,clean_epochs_task2_ICA_sub28_hbf1_sess2-epo.fif,correct,N1,0.13,0.2,"O1,Oz,O2",-2.65131582710151
sub28,task2,2,clean_epochs_task2_ICA_sub28_hbf1_sess2-epo.fif,error,N1,0.13,0.2,"O1,Oz,O2",-1.8813143899663762
sub28,task2,2,clean_epochs_task2_ICA_sub28_hbf1_sess2-epo.fif,left,N1,0.13,0.2,"O1,Oz,O2",-2.7264727846369334
sub28,task2,2,clean_epochs_task2_ICA_sub28_hbf1_sess2-epo.fif,right,N1,0.13,0.2,"O1,Oz,O2",-2.305645902694146
sub28,task2,2,clean_epochs_task2_ICA_sub28_hbf1_sess2-epo.fif,correct_left,N1,0.13,0.2,"O1,Oz,O2",-3.0201241264558876
sub28,task2,2,clean_epochs_task2_ICA_sub28_hbf1_sess2-epo.fif,correct_right,N1,0.13,0.2,"O1,Oz,O2",-2.381590354439353
sub28,task2,2,clean_epochs_task2_ICA_sub28_hbf1_sess2-epo.fif,error_left,N1,0.13,0.2,"O1,Oz,O2",-1.52739647220954
sub28,task2,2,clean_epochs_task2_ICA_sub28_hbf1_sess2-epo.fif,error_right,N1,0.13,0.2,"O1,Oz,O2",-2.0743605269246506
sub28,task2,3,clean_epochs_task2_ICA_sub28_hbf1_sess3-epo.fif,correct,N1,0.13,0.2,"O1,Oz,O2",-4.000704608651697
sub28,task2,3,clean_epochs_task2_ICA_sub28_hbf1_sess3-epo.fif,error,N1,0.13,0.2,"O1,Oz,O2",-3.056420734101294
sub28,task2,3,clean_epochs_task2_ICA_sub28_hbf1_sess3-epo.fif,left,N1,0.13,0.2,"O1,Oz,O2",-3.8280463550166868
sub28,task2,3,clean_epochs_task2_ICA_sub28_hbf1_sess3-epo.fif,right,N1,0.13,0.2,"O1,Oz,O2",-3.867141740460951
sub28,task2,3,clean_epochs_task2_ICA_sub28_hbf1_sess3-epo.fif,correct_left,N1,0.13,0.2,"O1,Oz,O2",-4.536293248445803
sub28,task2,3,clean_epochs_task2_ICA_sub28_hbf1_sess3-epo.fif,correct_right,N1,0.13,0.2,"O1,Oz,O2",-3.9238488397126328
sub28,task2,3,clean_epochs_task2_ICA_sub28_hbf1_sess3-epo.fif,error_left,N1,0.13,0.2,"O1,Oz,O2",-3.0725830020256297
sub28,task2,3,clean_epochs_task2_ICA_sub28_hbf1_sess3-epo.fif,error_right,N1,0.13,0.2,"O1,Oz,O2",-3.024096198252624
sub28,task2,4,clean_epochs_task2_ICA_sub28_hbf1_sess4-epo.fif,correct,N1,0.13,0.2,"O1,Oz,O2",-2.7213162428381277
sub28,task2,4,clean_epochs_task2_ICA_sub28_hbf1_sess4-epo.fif,error,N1,0.13,0.2,"O1,Oz,O2",-2.2560860951044512
sub28,task2,4,clean_epochs_task2_ICA_sub28_hbf1_sess4-epo.fif,left,N1,0.13,0.2,"O1,Oz,O2",-2.5730950805610595
sub28,task2,4,clean_epochs_task2_ICA_sub28_hbf1_sess4-epo.fif,right,N1,0.13,0.2,"O1,Oz,O2",-2.6537732453378466
sub28,task2,4,clean_epochs_task2_ICA_sub28_hbf1_sess4-epo.fif,correct_left,N1,0.13,0.2,"O1,Oz,O2",-2.8349500100503957
sub28,task2,4,clean_epochs_task2_ICA_sub28_hbf1_sess4-epo.fif,correct_right,N1,0.13,0.2,"O1,Oz,O2",-2.6914434483647987
sub28,task2,4,clean_epochs_task2_ICA_sub28_hbf1_sess4-epo.fif,error_left,N1,0.13,0.2,"O1,Oz,O2",-1.6827883202973155
sub28,task2,4,clean_epochs_task2_ICA_sub28_hbf1_sess4-epo.fif,error_right,N1,0.13,0.2,"O1,Oz,O2",-2.471072760657127
