subject,task,session,file,condition,n_trials
sub18,task2,3,clean_epochs_task2_ICA_sub18_clr1_sess3-epo.fif,correct,284
sub18,task2,3,clean_epochs_task2_ICA_sub18_clr1_sess3-epo.fif,error,16
sub18,task2,3,clean_epochs_task2_ICA_sub18_clr1_sess3-epo.fif,left,14
sub18,task2,3,clean_epochs_task2_ICA_sub18_clr1_sess3-epo.fif,right,286
sub18,task2,3,clean_epochs_task2_ICA_sub18_clr1_sess3-epo.fif,correct_left,11
sub18,task2,3,clean_epochs_task2_ICA_sub18_clr1_sess3-epo.fif,correct_right,273
sub18,task2,3,clean_epochs_task2_ICA_sub18_clr1_sess3-epo.fif,error_left,3
sub18,task2,3,clean_epochs_task2_ICA_sub18_clr1_sess3-epo.fif,error_right,13
sub18,task2,4,clean_epochs_task2_ICA_sub18_clr1_sess4-epo.fif,correct,281
sub18,task2,4,clean_epochs_task2_ICA_sub18_clr1_sess4-epo.fif,error,19
sub18,task2,4,clean_epochs_task2_ICA_sub18_clr1_sess4-epo.fif,left,61
sub18,task2,4,clean_epochs_task2_ICA_sub18_clr1_sess4-epo.fif,right,239
sub18,task2,4,clean_epochs_task2_ICA_sub18_clr1_sess4-epo.fif,correct_left,58
sub18,task2,4,clean_epochs_task2_ICA_sub18_clr1_sess4-epo.fif,correct_right,223
sub18,task2,4,clean_epochs_task2_ICA_sub18_clr1_sess4-epo.fif,error_left,3
sub18,task2,4,clean_epochs_task2_ICA_sub18_clr1_sess4-epo.fif,error_right,16
sub18,task2,1,clean_epochs_task2_ICA_sub18_clr1_sess1-epo.fif,correct,112
sub18,task2,1,clean_epochs_task2_ICA_sub18_clr1_sess1-epo.fif,error,38
sub18,task2,1,clean_epochs_task2_ICA_sub18_clr1_sess1-epo.fif,left,114
sub18,task2,1,clean_epochs_task2_ICA_sub18_clr1_sess1-epo.fif,right,36
sub18,task2,1,clean_epochs_task2_ICA_sub18_clr1_sess1-epo.fif,correct_left,79
sub18,task2,1,clean_epochs_task2_ICA_sub18_clr1_sess1-epo.fif,correct_right,33
sub18,task2,1,clean_epochs_task2_ICA_sub18_clr1_sess1-epo.fif,error_left,35
sub18,task2,1,clean_epochs_task2_ICA_sub18_clr1_sess1-epo.fif,error_right,3
sub18,task2,2,clean_epochs_task2_ICA_sub18_clr1_sess2-epo.fif,correct,111
sub18,task2,2,clean_epochs_task2_ICA_sub18_clr1_sess2-epo.fif,error,39
sub18,task2,2,clean_epochs_task2_ICA_sub18_clr1_sess2-epo.fif,left,43
sub18,task2,2,clean_epochs_task2_ICA_sub18_clr1_sess2-epo.fif,right,107
sub18,task2,2,clean_epochs_task2_ICA_sub18_clr1_sess2-epo.fif,correct_left,43
sub18,task2,2,clean_epochs_task2_ICA_sub18_clr1_sess2-epo.fif,correct_right,68
sub18,task2,2,clean_epochs_task2_ICA_sub18_clr1_sess2-epo.fif,error_left,0
sub18,task2,2,clean_epochs_task2_ICA_sub18_clr1_sess2-epo.fif,error_right,39
sub19,task2,3,clean_epochs_task2_ICA_sub19_llx1_sess3-epo.fif,correct,267
sub19,task2,3,clean_epochs_task2_ICA_sub19_llx1_sess3-epo.fif,error,33
sub19,task2,3,clean_epochs_task2_ICA_sub19_llx1_sess3-epo.fif,left,58
sub19,task2,3,clean_epochs_task2_ICA_sub19_llx1_sess3-epo.fif,right,242
sub19,task2,3,clean_epochs_task2_ICA_sub19_llx1_sess3-epo.fif,correct_left,45
sub19,task2,3,clean_epochs_task2_ICA_sub19_llx1_sess3-epo.fif,correct_right,222
sub19,task2,3,clean_epochs_task2_ICA_sub19_llx1_sess3-epo.fif,error_left,13
sub19,task2,3,clean_epochs_task2_ICA_sub19_llx1_sess3-epo.fif,error_right,20
sub19,task2,4,clean_epochs_task2_ICA_sub19_llx1_sess4-epo.fif,correct,271
sub19,task2,4,clean_epochs_task2_ICA_sub19_llx1_sess4-epo.fif,error,29
sub19,task2,4,clean_epochs_task2_ICA_sub19_llx1_sess4-epo.fif,left,32
sub19,task2,4,clean_epochs_task2_ICA_sub19_llx1_sess4-epo.fif,right,268
sub19,task2,4,clean_epochs_task2_ICA_sub19_llx1_sess4-epo.fif,correct_left,23
sub19,task2,4,clean_epochs_task2_ICA_sub19_llx1_sess4-epo.fif,correct_right,248
sub19,task2,4,clean_epochs_task2_ICA_sub19_llx1_sess4-epo.fif,error_left,9
sub19,task2,4,clean_epochs_task2_ICA_sub19_llx1_sess4-epo.fif,error_right,20
sub19,task2,1,clean_epochs_task2_ICA_sub19_llx1_sess1-epo.fif,correct,139
sub19,task2,1,clean_epochs_task2_ICA_sub19_llx1_sess1-epo.fif,error,11
sub19,task2,1,clean_epochs_task2_ICA_sub19_llx1_sess1-epo.fif,left,63
sub19,task2,1,clean_epochs_task2_ICA_sub19_llx1_sess1-epo.fif,right,87
sub19,task2,1,clean_epochs_task2_ICA_sub19_llx1_sess1-epo.fif,correct_left,62
sub19,task2,1,clean_epochs_task2_ICA_sub19_llx1_sess1-epo.fif,correct_right,77
sub19,task2,1,clean_epochs_task2_ICA_sub19_llx1_sess1-epo.fif,error_left,1
sub19,task2,1,clean_epochs_task2_ICA_sub19_llx1_sess1-epo.fif,error_right,10
sub19,task2,2,clean_epochs_task2_ICA_sub19_llx1_sess2-epo.fif,correct,124
sub19,task2,2,clean_epochs_task2_ICA_sub19_llx1_sess2-epo.fif,error,26
sub19,task2,2,clean_epochs_task2_ICA_sub19_llx1_sess2-epo.fif,left,54
sub19,task2,2,clean_epochs_task2_ICA_sub19_llx1_sess2-epo.fif,right,96
sub19,task2,2,clean_epochs_task2_ICA_sub19_llx1_sess2-epo.fif,correct_left,49
sub19,task2,2,clean_epochs_task2_ICA_sub19_llx1_sess2-epo.fif,correct_right,75
sub19,task2,2,clean_epochs_task2_ICA_sub19_llx1_sess2-epo.fif,error_left,5
sub19,task2,2,clean_epochs_task2_ICA_sub19_llx1_sess2-epo.fif,error_right,21
sub20,task2,3,clean_epochs_task2_ICA_sub20_pyb1_sess3-epo.fif,correct,277
sub20,task2,3,clean_epochs_task2_ICA_sub20_pyb1_sess3-epo.fif,error,23
sub20,task2,3,clean_epochs_task2_ICA_sub20_pyb1_sess3-epo.fif,left,35
sub20,task2,3,clean_epochs_task2_ICA_sub20_pyb1_sess3-epo.fif,right,265
sub20,task2,3,clean_epochs_task2_ICA_sub20_pyb1_sess3-epo.fif,correct_left,26
sub20,task2,3,clean_epochs_task2_ICA_sub20_pyb1_sess3-epo.fif,correct_right,251
sub20,task2,3,clean_epochs_task2_ICA_sub20_pyb1_sess3-epo.fif,error_left,9
sub20,task2,3,clean_epochs_task2_ICA_sub20_pyb1_sess3-epo.fif,error_right,14
sub20,task2,4,clean_epochs_task2_ICA_sub20_pyb1_sess4-epo.fif,correct,275
sub20,task2,4,clean_epochs_task2_ICA_sub20_pyb1_sess4-epo.fif,error,25
sub20,task2,4,clean_epochs_task2_ICA_sub20_pyb1_sess4-epo.fif,left,50
sub20,task2,4,clean_epochs_task2_ICA_sub20_pyb1_sess4-epo.fif,right,250
sub20,task2,4,clean_epochs_task2_ICA_sub20_pyb1_sess4-epo.fif,correct_left,43
sub20,task2,4,clean_epochs_task2_ICA_sub20_pyb1_sess4-epo.fif,correct_right,232
sub20,task2,4,clean_epochs_task2_ICA_sub20_pyb1_sess4-epo.fif,error_left,7
sub20,task2,4,clean_epochs_task2_ICA_sub20_pyb1_sess4-epo.fif,error_right,18
sub20,task2,1,clean_epochs_task2_ICA_sub20_pyb1_sess1-epo.fif,correct,126
sub20,task2,1,clean_epochs_task2_ICA_sub20_pyb1_sess1-epo.fif,error,24
sub20,task2,1,clean_epochs_task2_ICA_sub20_pyb1_sess1-epo.fif,left,57
sub20,task2,1,clean_epochs_task2_ICA_sub20_pyb1_sess1-epo.fif,right,93
sub20,task2,1,clean_epochs_task2_ICA_sub20_pyb1_sess1-epo.fif,correct_left,51
sub20,task2,1,clean_epochs_task2_ICA_sub20_pyb1_sess1-epo.fif,correct_right,75
sub20,task2,1,clean_epochs_task2_ICA_sub20_pyb1_sess1-epo.fif,error_left,6
sub20,task2,1,clean_epochs_task2_ICA_sub20_pyb1_sess1-epo.fif,error_right,18
sub20,task2,2,clean_epochs_task2_ICA_sub20_pyb1_sess2-epo.fif,correct,135
sub20,task2,2,clean_epochs_task2_ICA_sub20_pyb1_sess2-epo.fif,error,15
sub20,task2,2,clean_epochs_task2_ICA_sub20_pyb1_sess2-epo.fif,left,66
sub20,task2,2,clean_epochs_task2_ICA_sub20_pyb1_sess2-epo.fif,right,84
sub20,task2,2,clean_epochs_task2_ICA_sub20_pyb1_sess2-epo.fif,correct_left,60
sub20,task2,2,clean_epochs_task2_ICA_sub20_pyb1_sess2-epo.fif,correct_right,75
sub20,task2,2,clean_epochs_task2_ICA_sub20_pyb1_sess2-epo.fif,error_left,6
sub20,task2,2,clean_epochs_task2_ICA_sub20_pyb1_sess2-epo.fif,error_right,9
sub21,task2,3,clean_epochs_task2_ICA_sub21_zfy1_sess3-epo.fif,correct,221
sub21,task2,3,clean_epochs_task2_ICA_sub21_zfy1_sess3-epo.fif,error,79
sub21,task2,3,clean_epochs_task2_ICA_sub21_zfy1_sess3-epo.fif,left,24
sub21,task2,3,clean_epochs_task2_ICA_sub21_zfy1_sess3-epo.fif,right,276
sub21,task2,3,clean_epochs_task2_ICA_sub21_zfy1_sess3-epo.fif,correct_left,13
sub21,task2,3,clean_epochs_task2_ICA_sub21_zfy1_sess3-epo.fif,correct_right,208
sub21,task2,3,clean_epochs_task2_ICA_sub21_zfy1_sess3-epo.fif,error_left,11
sub21,task2,3,clean_epochs_task2_ICA_sub21_zfy1_sess3-epo.fif,error_right,68
sub21,task2,4,clean_epochs_task2_ICA_sub21_zfy1_sess4-epo.fif,correct,251
sub21,task2,4,clean_epochs_task2_ICA_sub21_zfy1_sess4-epo.fif,error,49
sub21,task2,4,clean_epochs_task2_ICA_sub21_zfy1_sess4-epo.fif,left,33
sub21,task2,4,clean_epochs_task2_ICA_sub21_zfy1_sess4-epo.fif,right,267
sub21,task2,4,clean_epochs_task2_ICA_sub21_zfy1_sess4-epo.fif,correct_left,18
sub21,task2,4,clean_epochs_task2_ICA_sub21_zfy1_sess4-epo.fif,correct_right,233
sub21,task2,4,clean_epochs_task2_ICA_sub21_zfy1_sess4-epo.fif,error_left,15
sub21,task2,4,clean_epochs_task2_ICA_sub21_zfy1_sess4-epo.fif,error_right,34
sub21,task2,1,clean_epochs_task2_ICA_sub21_zfy1_sess1-epo.fif,correct,109
sub21,task2,1,clean_epochs_task2_ICA_sub21_zfy1_sess1-epo.fif,error,41
sub21,task2,1,clean_epochs_task2_ICA_sub21_zfy1_sess1-epo.fif,left,73
sub21,task2,1,clean_epochs_task2_ICA_sub21_zfy1_sess1-epo.fif,right,77
sub21,task2,1,clean_epochs_task2_ICA_sub21_zfy1_sess1-epo.fif,correct_left,52
sub21,task2,1,clean_epochs_task2_ICA_sub21_zfy1_sess1-epo.fif,correct_right,57
sub21,task2,1,clean_epochs_task2_ICA_sub21_zfy1_sess1-epo.fif,error_left,21
sub21,task2,1,clean_epochs_task2_ICA_sub21_zfy1_sess1-epo.fif,error_right,20
sub21,task2,2,clean_epochs_task2_ICA_sub21_zfy1_sess2-epo.fif,correct,129
sub21,task2,2,clean_epochs_task2_ICA_sub21_zfy1_sess2-epo.fif,error,21
sub21,task2,2,clean_epochs_task2_ICA_sub21_zfy1_sess2-epo.fif,left,71
sub21,task2,2,clean_epochs_task2_ICA_sub21_zfy1_sess2-epo.fif,right,79
sub21,task2,2,clean_epochs_task2_ICA_sub21_zfy1_sess2-epo.fif,correct_left,60
sub21,task2,2,clean_epochs_task2_ICA_sub21_zfy1_sess2-epo.fif,correct_right,69
sub21,task2,2,clean_epochs_task2_ICA_sub21_zfy1_sess2-epo.fif,error_left,11
sub21,task2,2,clean_epochs_task2_ICA_sub21_zfy1_sess2-epo.fif,error_right,10
sub22,task2,1,clean_epochs_task2_ICA_sub22_zzy1_sess1-epo.fif,correct,127
sub22,task2,1,clean_epochs_task2_ICA_sub22_zzy1_sess1-epo.fif,error,23
sub22,task2,1,clean_epochs_task2_ICA_sub22_zzy1_sess1-epo.fif,left,86
sub22,task2,1,clean_epochs_task2_ICA_sub22_zzy1_sess1-epo.fif,right,64
sub22,task2,1,clean_epochs_task2_ICA_sub22_zzy1_sess1-epo.fif,correct_left,68
sub22,task2,1,clean_epochs_task2_ICA_sub22_zzy1_sess1-epo.fif,correct_right,59
sub22,task2,1,clean_epochs_task2_ICA_sub22_zzy1_sess1-epo.fif,error_left,18
sub22,task2,1,clean_epochs_task2_ICA_sub22_zzy1_sess1-epo.fif,error_right,5
sub22,task2,2,clean_epochs_task2_ICA_sub22_zzy1_sess2-epo.fif,correct,135
sub22,task2,2,clean_epochs_task2_ICA_sub22_zzy1_sess2-epo.fif,error,15
sub22,task2,2,clean_epochs_task2_ICA_sub22_zzy1_sess2-epo.fif,left,65
sub22,task2,2,clean_epochs_task2_ICA_sub22_zzy1_sess2-epo.fif,right,85
sub22,task2,2,clean_epochs_task2_ICA_sub22_zzy1_sess2-epo.fif,correct_left,59
sub22,task2,2,clean_epochs_task2_ICA_sub22_zzy1_sess2-epo.fif,correct_right,76
sub22,task2,2,clean_epochs_task2_ICA_sub22_zzy1_sess2-epo.fif,error_left,6
sub22,task2,2,clean_epochs_task2_ICA_sub22_zzy1_sess2-epo.fif,error_right,9
sub22,task2,3,clean_epochs_task2_ICA_sub22_zzy1_sess3-epo.fif,correct,246
sub22,task2,3,clean_epochs_task2_ICA_sub22_zzy1_sess3-epo.fif,error,54
sub22,task2,3,clean_epochs_task2_ICA_sub22_zzy1_sess3-epo.fif,left,15
sub22,task2,3,clean_epochs_task2_ICA_sub22_zzy1_sess3-epo.fif,right,285
sub22,task2,3,clean_epochs_task2_ICA_sub22_zzy1_sess3-epo.fif,correct_left,4
sub22,task2,3,clean_epochs_task2_ICA_sub22_zzy1_sess3-epo.fif,correct_right,242
sub22,task2,3,clean_epochs_task2_ICA_sub22_zzy1_sess3-epo.fif,error_left,11
sub22,task2,3,clean_epochs_task2_ICA_sub22_zzy1_sess3-epo.fif,error_right,43
sub22,task2,4,clean_epochs_task2_ICA_sub22_zzy1_sess4-epo.fif,correct,229
sub22,task2,4,clean_epochs_task2_ICA_sub22_zzy1_sess4-epo.fif,error,71
sub22,task2,4,clean_epochs_task2_ICA_sub22_zzy1_sess4-epo.fif,left,22
sub22,task2,4,clean_epochs_task2_ICA_sub22_zzy1_sess4-epo.fif,right,278
sub22,task2,4,clean_epochs_task2_ICA_sub22_zzy1_sess4-epo.fif,correct_left,15
sub22,task2,4,clean_epochs_task2_ICA_sub22_zzy1_sess4-epo.fif,correct_right,214
sub22,task2,4,clean_epochs_task2_ICA_sub22_zzy1_sess4-epo.fif,error_left,7
sub22,task2,4,clean_epochs_task2_ICA_sub22_zzy1_sess4-epo.fif,error_right,64
sub24,task2,1,clean_epochs_task2_ICA_sub24_czy1_sess1-epo.fif,correct,115
sub24,task2,1,clean_epochs_task2_ICA_sub24_czy1_sess1-epo.fif,error,35
sub24,task2,1,clean_epochs_task2_ICA_sub24_czy1_sess1-epo.fif,left,60
sub24,task2,1,clean_epochs_task2_ICA_sub24_czy1_sess1-epo.fif,right,90
sub24,task2,1,clean_epochs_task2_ICA_sub24_czy1_sess1-epo.fif,correct_left,46
sub24,task2,1,clean_epochs_task2_ICA_sub24_czy1_sess1-epo.fif,correct_right,69
sub24,task2,1,clean_epochs_task2_ICA_sub24_czy1_sess1-epo.fif,error_left,14
sub24,task2,1,clean_epochs_task2_ICA_sub24_czy1_sess1-epo.fif,error_right,21
sub24,task2,2,clean_epochs_task2_ICA_sub24_czy1_sess2-epo.fif,correct,113
sub24,task2,2,clean_epochs_task2_ICA_sub24_czy1_sess2-epo.fif,error,37
sub24,task2,2,clean_epochs_task2_ICA_sub24_czy1_sess2-epo.fif,left,64
sub24,task2,2,clean_epochs_task2_ICA_sub24_czy1_sess2-epo.fif,right,86
sub24,task2,2,clean_epochs_task2_ICA_sub24_czy1_sess2-epo.fif,correct_left,51
sub24,task2,2,clean_epochs_task2_ICA_sub24_czy1_sess2-epo.fif,correct_right,62
sub24,task2,2,clean_epochs_task2_ICA_sub24_czy1_sess2-epo.fif,error_left,13
sub24,task2,2,clean_epochs_task2_ICA_sub24_czy1_sess2-epo.fif,error_right,24
sub24,task2,3,clean_epochs_task2_ICA_sub24_czy1_sess3-epo.fif,correct,244
sub24,task2,3,clean_epochs_task2_ICA_sub24_czy1_sess3-epo.fif,error,56
sub24,task2,3,clean_epochs_task2_ICA_sub24_czy1_sess3-epo.fif,left,18
sub24,task2,3,clean_epochs_task2_ICA_sub24_czy1_sess3-epo.fif,right,282
sub24,task2,3,clean_epochs_task2_ICA_sub24_czy1_sess3-epo.fif,correct_left,10
sub24,task2,3,clean_epochs_task2_ICA_sub24_czy1_sess3-epo.fif,correct_right,234
sub24,task2,3,clean_epochs_task2_ICA_sub24_czy1_sess3-epo.fif,error_left,8
sub24,task2,3,clean_epochs_task2_ICA_sub24_czy1_sess3-epo.fif,error_right,48
sub25,task2,3,clean_epochs_task2_ICA_sub25_cjb1_sess3-epo.fif,correct,239
sub25,task2,3,clean_epochs_task2_ICA_sub25_cjb1_sess3-epo.fif,error,61
sub25,task2,3,clean_epochs_task2_ICA_sub25_cjb1_sess3-epo.fif,left,21
sub25,task2,3,clean_epochs_task2_ICA_sub25_cjb1_sess3-epo.fif,right,279
sub25,task2,3,clean_epochs_task2_ICA_sub25_cjb1_sess3-epo.fif,correct_left,8
sub25,task2,3,clean_epochs_task2_ICA_sub25_cjb1_sess3-epo.fif,correct_right,231
sub25,task2,3,clean_epochs_task2_ICA_sub25_cjb1_sess3-epo.fif,error_left,13
sub25,task2,3,clean_epochs_task2_ICA_sub25_cjb1_sess3-epo.fif,error_right,48
sub25,task2,4,clean_epochs_task2_ICA_sub25_cjb1_sess4-epo.fif,correct,262
sub25,task2,4,clean_epochs_task2_ICA_sub25_cjb1_sess4-epo.fif,error,38
sub25,task2,4,clean_epochs_task2_ICA_sub25_cjb1_sess4-epo.fif,left,15
sub25,task2,4,clean_epochs_task2_ICA_sub25_cjb1_sess4-epo.fif,right,285
sub25,task2,4,clean_epochs_task2_ICA_sub25_cjb1_sess4-epo.fif,correct_left,10
sub25,task2,4,clean_epochs_task2_ICA_sub25_cjb1_sess4-epo.fif,correct_right,252
sub25,task2,4,clean_epochs_task2_ICA_sub25_cjb1_sess4-epo.fif,error_left,5
sub25,task2,4,clean_epochs_task2_ICA_sub25_cjb1_sess4-epo.fif,error_right,33
sub25,task2,1,clean_epochs_task2_ICA_sub25_cjb1_sess1-epo.fif,correct,119
sub25,task2,1,clean_epochs_task2_ICA_sub25_cjb1_sess1-epo.fif,error,31
sub25,task2,1,clean_epochs_task2_ICA_sub25_cjb1_sess1-epo.fif,left,69
sub25,task2,1,clean_epochs_task2_ICA_sub25_cjb1_sess1-epo.fif,right,81
sub25,task2,1,clean_epochs_task2_ICA_sub25_cjb1_sess1-epo.fif,correct_left,62
sub25,task2,1,clean_epochs_task2_ICA_sub25_cjb1_sess1-epo.fif,correct_right,57
sub25,task2,1,clean_epochs_task2_ICA_sub25_cjb1_sess1-epo.fif,error_left,7
sub25,task2,1,clean_epochs_task2_ICA_sub25_cjb1_sess1-epo.fif,error_right,24
sub25,task2,2,clean_epochs_task2_ICA_sub25_cjb1_sess2-epo.fif,correct,142
sub25,task2,2,clean_epochs_task2_ICA_sub25_cjb1_sess2-epo.fif,error,8
sub25,task2,2,clean_epochs_task2_ICA_sub25_cjb1_sess2-epo.fif,left,70
sub25,task2,2,clean_epochs_task2_ICA_sub25_cjb1_sess2-epo.fif,right,80
sub25,task2,2,clean_epochs_task2_ICA_sub25_cjb1_sess2-epo.fif,correct_left,67
sub25,task2,2,clean_epochs_task2_ICA_sub25_cjb1_sess2-epo.fif,correct_right,75
sub25,task2,2,clean_epochs_task2_ICA_sub25_cjb1_sess2-epo.fif,error_left,3
sub25,task2,2,clean_epochs_task2_ICA_sub25_cjb1_sess2-epo.fif,error_right,5
sub26,task2,3,clean_epochs_task2_ICA_sub26_pzq1_sess3-epo.fif,correct,277
sub26,task2,3,clean_epochs_task2_ICA_sub26_pzq1_sess3-epo.fif,error,23
sub26,task2,3,clean_epochs_task2_ICA_sub26_pzq1_sess3-epo.fif,left,16
sub26,task2,3,clean_epochs_task2_ICA_sub26_pzq1_sess3-epo.fif,right,284
sub26,task2,3,clean_epochs_task2_ICA_sub26_pzq1_sess3-epo.fif,correct_left,10
sub26,task2,3,clean_epochs_task2_ICA_sub26_pzq1_sess3-epo.fif,correct_right,267
sub26,task2,3,clean_epochs_task2_ICA_sub26_pzq1_sess3-epo.fif,error_left,6
sub26,task2,3,clean_epochs_task2_ICA_sub26_pzq1_sess3-epo.fif,error_right,17
sub26,task2,4,clean_epochs_task2_ICA_sub26_pzq1_sess4-epo.fif,correct,288
sub26,task2,4,clean_epochs_task2_ICA_sub26_pzq1_sess4-epo.fif,error,12
sub26,task2,4,clean_epochs_task2_ICA_sub26_pzq1_sess4-epo.fif,left,25
sub26,task2,4,clean_epochs_task2_ICA_sub26_pzq1_sess4-epo.fif,right,275
sub26,task2,4,clean_epochs_task2_ICA_sub26_pzq1_sess4-epo.fif,correct_left,25
sub26,task2,4,clean_epochs_task2_ICA_sub26_pzq1_sess4-epo.fif,correct_right,263
sub26,task2,4,clean_epochs_task2_ICA_sub26_pzq1_sess4-epo.fif,error_left,0
sub26,task2,4,clean_epochs_task2_ICA_sub26_pzq1_sess4-epo.fif,error_right,12
sub26,task2,1,clean_epochs_task2_ICA_sub26_pzq1_sess1-epo.fif,correct,122
sub26,task2,1,clean_epochs_task2_ICA_sub26_pzq1_sess1-epo.fif,error,28
sub26,task2,1,clean_epochs_task2_ICA_sub26_pzq1_sess1-epo.fif,left,79
sub26,task2,1,clean_epochs_task2_ICA_sub26_pzq1_sess1-epo.fif,right,71
sub26,task2,1,clean_epochs_task2_ICA_sub26_pzq1_sess1-epo.fif,correct_left,59
sub26,task2,1,clean_epochs_task2_ICA_sub26_pzq1_sess1-epo.fif,correct_right,63
sub26,task2,1,clean_epochs_task2_ICA_sub26_pzq1_sess1-epo.fif,error_left,20
sub26,task2,1,clean_epochs_task2_ICA_sub26_pzq1_sess1-epo.fif,error_right,8
sub26,task2,2,clean_epochs_task2_ICA_sub26_pzq1_sess2-epo.fif,correct,128
sub26,task2,2,clean_epochs_task2_ICA_sub26_pzq1_sess2-epo.fif,error,22
sub26,task2,2,clean_epochs_task2_ICA_sub26_pzq1_sess2-epo.fif,left,73
sub26,task2,2,clean_epochs_task2_ICA_sub26_pzq1_sess2-epo.fif,right,77
sub26,task2,2,clean_epochs_task2_ICA_sub26_pzq1_sess2-epo.fif,correct_left,61
sub26,task2,2,clean_epochs_task2_ICA_sub26_pzq1_sess2-epo.fif,correct_right,67
sub26,task2,2,clean_epochs_task2_ICA_sub26_pzq1_sess2-epo.fif,error_left,12
sub26,task2,2,clean_epochs_task2_ICA_sub26_pzq1_sess2-epo.fif,error_right,10
sub27,task2,3,clean_epochs_task2_ICA_sub27_lyj1_sess3-epo.fif,correct,257
sub27,task2,3,clean_epochs_task2_ICA_sub27_lyj1_sess3-epo.fif,error,43
sub27,task2,3,clean_epochs_task2_ICA_sub27_lyj1_sess3-epo.fif,left,49
sub27,task2,3,clean_epochs_task2_ICA_sub27_lyj1_sess3-epo.fif,right,251
sub27,task2,3,clean_epochs_task2_ICA_sub27_lyj1_sess3-epo.fif,correct_left,24
sub27,task2,3,clean_epochs_task2_ICA_sub27_lyj1_sess3-epo.fif,correct_right,233
sub27,task2,3,clean_epochs_task2_ICA_sub27_lyj1_sess3-epo.fif,error_left,25
sub27,task2,3,clean_epochs_task2_ICA_sub27_lyj1_sess3-epo.fif,error_right,18
sub27,task2,4,clean_epochs_task2_ICA_sub27_lyj1_sess4-epo.fif,correct,267
sub27,task2,4,clean_epochs_task2_ICA_sub27_lyj1_sess4-epo.fif,error,33
sub27,task2,4,clean_epochs_task2_ICA_sub27_lyj1_sess4-epo.fif,left,94
sub27,task2,4,clean_epochs_task2_ICA_sub27_lyj1_sess4-epo.fif,right,206
sub27,task2,4,clean_epochs_task2_ICA_sub27_lyj1_sess4-epo.fif,correct_left,79
sub27,task2,4,clean_epochs_task2_ICA_sub27_lyj1_sess4-epo.fif,correct_right,188
sub27,task2,4,clean_epochs_task2_ICA_sub27_lyj1_sess4-epo.fif,error_left,15
sub27,task2,4,clean_epochs_task2_ICA_sub27_lyj1_sess4-epo.fif,error_right,18
sub27,task2,1,clean_epochs_task2_ICA_sub27_lyj1_sess1-epo.fif,correct,138
sub27,task2,1,clean_epochs_task2_ICA_sub27_lyj1_sess1-epo.fif,error,12
sub27,task2,1,clean_epochs_task2_ICA_sub27_lyj1_sess1-epo.fif,left,71
sub27,task2,1,clean_epochs_task2_ICA_sub27_lyj1_sess1-epo.fif,right,79
sub27,task2,1,clean_epochs_task2_ICA_sub27_lyj1_sess1-epo.fif,correct_left,68
sub27,task2,1,clean_epochs_task2_ICA_sub27_lyj1_sess1-epo.fif,correct_right,70
sub27,task2,1,clean_epochs_task2_ICA_sub27_lyj1_sess1-epo.fif,error_left,3
sub27,task2,1,clean_epochs_task2_ICA_sub27_lyj1_sess1-epo.fif,error_right,9
sub27,task2,2,clean_epochs_task2_ICA_sub27_lyj1_sess2-epo.fif,correct,130
sub27,task2,2,clean_epochs_task2_ICA_sub27_lyj1_sess2-epo.fif,error,20
sub27,task2,2,clean_epochs_task2_ICA_sub27_lyj1_sess2-epo.fif,left,66
sub27,task2,2,clean_epochs_task2_ICA_sub27_lyj1_sess2-epo.fif,right,84
sub27,task2,2,clean_epochs_task2_ICA_sub27_lyj1_sess2-epo.fif,correct_left,63
sub27,task2,2,clean_epochs_task2_ICA_sub27_lyj1_sess2-epo.fif,correct_right,67
sub27,task2,2,clean_epochs_task2_ICA_sub27_lyj1_sess2-epo.fif,error_left,3
sub27,task2,2,clean_epochs_task2_ICA_sub27_lyj1_sess2-epo.fif,error_right,17
sub28,task2,1,clean_epochs_task2_ICA_sub28_hbf1_sess1-epo.fif,correct,129
sub28,task2,1,clean_epochs_task2_ICA_sub28_hbf1_sess1-epo.fif,error,21
sub28,task2,1,clean_epochs_task2_ICA_sub28_hbf1_sess1-epo.fif,left,78
sub28,task2,1,clean_epochs_task2_ICA_sub28_hbf1_sess1-epo.fif,right,72
sub28,task2,1,clean_epochs_task2_ICA_sub28_hbf1_sess1-epo.fif,correct_left,62
sub28,task2,1,clean_epochs_task2_ICA_sub28_hbf1_sess1-epo.fif,correct_right,67
sub28,task2,1,clean_epochs_task2_ICA_sub28_hbf1_sess1-epo.fif,error_left,16
sub28,task2,1,clean_epochs_task2_ICA_sub28_hbf1_sess1-epo.fif,error_right,5
sub28,task2,2,clean_epochs_task2_ICA_sub28_hbf1_sess2-epo.fif,correct,116
sub28,task2,2,clean_epochs_task2_ICA_sub28_hbf1_sess2-epo.fif,error,34
sub28,task2,2,clean_epochs_task2_ICA_sub28_hbf1_sess2-epo.fif,left,61
sub28,task2,2,clean_epochs_task2_ICA_sub28_hbf1_sess2-epo.fif,right,89
sub28,task2,2,clean_epochs_task2_ICA_sub28_hbf1_sess2-epo.fif,correct_left,49
sub28,task2,2,clean_epochs_task2_ICA_sub28_hbf1_sess2-epo.fif,correct_right,67
sub28,task2,2,clean_epochs_task2_ICA_sub28_hbf1_sess2-epo.fif,error_left,12
sub28,task2,2,clean_epochs_task2_ICA_sub28_hbf1_sess2-epo.fif,error_right,22
sub28,task2,3,clean_epochs_task2_ICA_sub28_hbf1_sess3-epo.fif,correct,255
sub28,task2,3,clean_epochs_task2_ICA_sub28_hbf1_sess3-epo.fif,error,45
sub28,task2,3,clean_epochs_task2_ICA_sub28_hbf1_sess3-epo.fif,left,62
sub28,task2,3,clean_epochs_task2_ICA_sub28_hbf1_sess3-epo.fif,right,238
sub28,task2,3,clean_epochs_task2_ICA_sub28_hbf1_sess3-epo.fif,correct_left,32
sub28,task2,3,clean_epochs_task2_ICA_sub28_hbf1_sess3-epo.fif,correct_right,223
sub28,task2,3,clean_epochs_task2_ICA_sub28_hbf1_sess3-epo.fif,error_left,30
sub28,task2,3,clean_epochs_task2_ICA_sub28_hbf1_sess3-epo.fif,error_right,15
sub28,task2,4,clean_epochs_task2_ICA_sub28_hbf1_sess4-epo.fif,correct,245
sub28,task2,4,clean_epochs_task2_ICA_sub28_hbf1_sess4-epo.fif,error,55
sub28,task2,4,clean_epochs_task2_ICA_sub28_hbf1_sess4-epo.fif,left,66
sub28,task2,4,clean_epochs_task2_ICA_sub28_hbf1_sess4-epo.fif,right,234
sub28,task2,4,clean_epochs_task2_ICA_sub28_hbf1_sess4-epo.fif,correct_left,51
sub28,task2,4,clean_epochs_task2_ICA_sub28_hbf1_sess4-epo.fif,correct_right,194
sub28,task2,4,clean_epochs_task2_ICA_sub28_hbf1_sess4-epo.fif,error_left,15
sub28,task2,4,clean_epochs_task2_ICA_sub28_hbf1_sess4-epo.fif,error_right,40
